Entry,Finishing Position,EE1,EE2,EE3,EE4,EE5,EE6,EE7,EE8,FinalFour1,FinalFour2,FinalFour3,FinalFour4,Finalist1,Finalist2,Champ
bos2,1,1 Duke,2 Michigan State,1 Gonzaga,3 Texas Tech,1 Virginia,3 Purdue,5 Auburn,2 Kentucky,2 Michigan State, ,1 Virginia, , ,1 Virginia, 
Beilein Or Bust,1
What the Hell,1
Shez1,1
Feirman 2,1,1 Duke,2 Michigan State,1 Gonzaga,3 Texas Tech,1 Virginia,3 Purdue,5 Auburn,2 Kentucky, , , , , , , 
Sara wins!,1
PlayingBlind,1
Zion National Park,1
ThisonesforPnut,1
bos1,1
MiamiGotFucked,1,1 Duke,2 Michigan State,1 Gonzaga,3 Texas Tech,1 Virginia,3 Purdue,5 Auburn,2 Kentucky,2 Michigan State,1 Gonzaga,1 Virginia,5 Auburn,2 Michigan State,5 Auburn, 
Banana,1
Larry's bracket,1
Kyle Wall,1
KathDog,1
Larry G,1
I think I'm dying here,1
Mrs.bos'bracket,1
Not a Bracket,1
Three Orange Whips,1
Operation Varsity Blues,1,1 Duke,2 Michigan State,1 Gonzaga,3 Texas Tech,1 Virginia,3 Purdue,5 Auburn,2 Kentucky, , , ,2 Kentucky, ,2 Kentucky,2 Kentucky
NotAWinner,1,1 Duke,2 Michigan State,1 Gonzaga,3 Texas Tech,1 Virginia,3 Purdue,5 Auburn,2 Kentucky,2 Michigan State,1 Gonzaga, ,2 Kentucky,2 Michigan State,2 Kentucky,2 Kentucky
Anna E.,1
2PEAT,1
Brexitball,1
BuyUsAWinner,1
This Year Though...,1
wrinkled balls,1
Red Raider Quaker,1
Bet They Got S.C.M.O.D.S.,1
Bulldogs Arf 1,1
Tim Apple,1
LETS GO BU!,1
Danielle Iserlis,1
Go SUNY Tech,1
Ckillar1,1
Gimme the loot,1
gsuss,1
My Bracket Sucks,1
DLee's Wife's Mount Zion,1
Julie M,1
Dan G.,1
AS1's Pool,1
Gene's Picks,1,1 Duke,2 Michigan State,1 Gonzaga,3 Texas Tech,1 Virginia,3 Purdue,5 Auburn,2 Kentucky,1 Duke, ,1 Virginia, , ,1 Virginia,1 Virginia
Yogi Bear,1
Shez 2,1
Corliss > Zion,1
west coast best coast,1
My Toddlers Picks,1
Sprinkles,1
PapaBias,1
Bulldogs Arf #2,1,1 Duke,2 Michigan State,1 Gonzaga,3 Texas Tech,1 Virginia,3 Purdue,5 Auburn,2 Kentucky, ,1 Gonzaga,1 Virginia, , ,1 Virginia,1 Virginia
Sydney's College Fund,1
qvollmert,1
uclakav,1
Geoffs winners,1
Sprague The Whisperer,1
Coach Kroojawoowski,1
Disco Pants and Haircuts,1
Team ODB2,1
cbirn,1
Skinnyjam,1
Dat Bracket Doe,1
Geoff pool 2,1
Eric M Entry,1
GoDucks,1,1 Duke,2 Michigan State,1 Gonzaga,3 Texas Tech,1 Virginia,3 Purdue,5 Auburn,2 Kentucky,1 Duke,1 Gonzaga,3 Purdue,2 Kentucky,1 Duke,2 Kentucky,2 Kentucky
Todd's Wife,1
Team ODB,1
YOU ARE UG-LY,1,1 Duke,2 Michigan State,1 Gonzaga,3 Texas Tech,1 Virginia,3 Purdue,5 Auburn,2 Kentucky, , ,1 Virginia, , ,1 Virginia, 
augdiggity,1
FeelingLucky2019,1
All the Fish,1
Sanjita Mamacita,1
The Furst,1
Jeff Miller,1
javiiiiii,1
BMahoney,1
DLee's Bracket,1
Feirman 3,1
Boom Boom Room,1
Uzo's Winner,1
Iron Lion Zion,1
MASNYC,1
The Devil Wears Nada,1
HailTheBison,1
Corner Pocket,1
BigJohn,1,1 Duke,2 Michigan State,1 Gonzaga,3 Texas Tech,1 Virginia,3 Purdue,5 Auburn,2 Kentucky, ,1 Gonzaga, , , , , 
Corndog,1,1 Duke,2 Michigan State,1 Gonzaga,3 Texas Tech,1 Virginia,3 Purdue,5 Auburn,2 Kentucky,1 Duke,1 Gonzaga,1 Virginia, ,1 Duke,1 Virginia,1 Duke
THE CUSE IS LOOSE,1
George Barton,1
Nova 2 of 3,1
TheStable,1
Abrams,1
cuttin' down the nets,1,1 Duke,2 Michigan State,1 Gonzaga,3 Texas Tech,1 Virginia,3 Purdue,5 Auburn,2 Kentucky,2 Michigan State, , , , , , 
DSW Sneaker Blowout,1
Your Hero,1
Where is my money,1
Holden It Down.,1
Feirman 1,1,1 Duke,2 Michigan State,1 Gonzaga,3 Texas Tech,1 Virginia,3 Purdue,5 Auburn,2 Kentucky, , , , , , , 
Rui Gooey,1
riz1,1
Road to Zion,1,1 Duke,2 Michigan State,1 Gonzaga,3 Texas Tech,1 Virginia,3 Purdue,5 Auburn,2 Kentucky,1 Duke,3 Texas Tech,1 Virginia, , ,1 Virginia, 
Self Defecating,1
Random morgy,1
TiGo,1
bos2,1.5,1 Duke,2 Michigan State,1 Gonzaga,3 Texas Tech,1 Virginia,3 Purdue,5 Auburn,2 Kentucky,2 Michigan State,1 Gonzaga,1 Virginia,5 Auburn,2 Michigan State,1 Virginia,2 Michigan State
Beilein Or Bust,1.5
What the Hell,1.5
Shez1,1.5
Feirman 2,1.5
Sara wins!,1.5
PlayingBlind,1.5
Zion National Park,1.5
ThisonesforPnut,1.5
bos1,1.5
MiamiGotFucked,1.5,1 Duke,2 Michigan State,1 Gonzaga,3 Texas Tech,1 Virginia,3 Purdue,5 Auburn,2 Kentucky,2 Michigan State,1 Gonzaga,1 Virginia,5 Auburn,2 Michigan State,1 Virginia,2 Michigan State
Banana,1.5
Larry's bracket,1.5
Kyle Wall,1.5
KathDog,1.5
Larry G,1.5
I think I'm dying here,1.5
Mrs.bos'bracket,1.5
Not a Bracket,1.5
Three Orange Whips,1.5
Operation Varsity Blues,1.5
NotAWinner,1.5
Anna E.,1.5
2PEAT,1.5
Brexitball,1.5
BuyUsAWinner,1.5
This Year Though...,1.5
wrinkled balls,1.5
Red Raider Quaker,1.5
Bet They Got S.C.M.O.D.S.,1.5
Bulldogs Arf 1,1.5
Tim Apple,1.5
LETS GO BU!,1.5
Danielle Iserlis,1.5
Go SUNY Tech,1.5
Ckillar1,1.5
Gimme the loot,1.5
gsuss,1.5
My Bracket Sucks,1.5
DLee's Wife's Mount Zion,1.5
Julie M,1.5
Dan G.,1.5
AS1's Pool,1.5
Gene's Picks,1.5
Yogi Bear,1.5
Shez 2,1.5
Corliss > Zion,1.5
west coast best coast,1.5
My Toddlers Picks,1.5
Sprinkles,1.5
PapaBias,1.5
Bulldogs Arf #2,1.5
Sydney's College Fund,1.5
qvollmert,1.5
uclakav,1.5
Geoffs winners,1.5
Sprague The Whisperer,1.5
Coach Kroojawoowski,1.5
Disco Pants and Haircuts,1.5
Team ODB2,1.5
cbirn,1.5
Skinnyjam,1.5
Dat Bracket Doe,1.5
Geoff pool 2,1.5
Eric M Entry,1.5
GoDucks,1.5
Todd's Wife,1.5
Team ODB,1.5
YOU ARE UG-LY,1.5
augdiggity,1.5
FeelingLucky2019,1.5
All the Fish,1.5
Sanjita Mamacita,1.5
The Furst,1.5
Jeff Miller,1.5
javiiiiii,1.5
BMahoney,1.5
DLee's Bracket,1.5
Feirman 3,1.5
Boom Boom Room,1.5
Uzo's Winner,1.5
Iron Lion Zion,1.5
MASNYC,1.5
The Devil Wears Nada,1.5
HailTheBison,1.5
Corner Pocket,1.5
BigJohn,1.5
Corndog,1.5
THE CUSE IS LOOSE,1.5
George Barton,1.5
Nova 2 of 3,1.5
TheStable,1.5
Abrams,1.5
cuttin' down the nets,1.5
DSW Sneaker Blowout,1.5
Your Hero,1.5
Where is my money,1.5
Holden It Down.,1.5
Feirman 1,1.5
Rui Gooey,1.5
riz1,1.5
Road to Zion,1.5
Self Defecating,1.5
Random morgy,1.5
TiGo,1.5
bos2,2,1 Duke,2 Michigan State,1 Gonzaga,3 Texas Tech,1 Virginia,3 Purdue,5 Auburn,2 Kentucky, , , , , , , 
Beilein Or Bust,2
What the Hell,2
Shez1,2
Feirman 2,2,1 Duke,2 Michigan State,1 Gonzaga,3 Texas Tech,1 Virginia,3 Purdue,5 Auburn,2 Kentucky, , , , , , , 
Sara wins!,2
PlayingBlind,2
Zion National Park,2
ThisonesforPnut,2
bos1,2,1 Duke,2 Michigan State,1 Gonzaga,3 Texas Tech,1 Virginia,3 Purdue,5 Auburn,2 Kentucky,1 Duke,1 Gonzaga,1 Virginia,5 Auburn,1 Gonzaga,1 Virginia,1 Gonzaga
MiamiGotFucked,2,1 Duke,2 Michigan State,1 Gonzaga,3 Texas Tech,1 Virginia,3 Purdue,5 Auburn,2 Kentucky,2 Michigan State,1 Gonzaga, , ,2 Michigan State, , 
Banana,2
Larry's bracket,2
Kyle Wall,2
KathDog,2
Larry G,2
I think I'm dying here,2
Mrs.bos'bracket,2
Not a Bracket,2
Three Orange Whips,2
Operation Varsity Blues,2,1 Duke,2 Michigan State,1 Gonzaga,3 Texas Tech,1 Virginia,3 Purdue,5 Auburn,2 Kentucky, ,1 Gonzaga, ,2 Kentucky, ,2 Kentucky,2 Kentucky
NotAWinner,2,1 Duke,2 Michigan State,1 Gonzaga,3 Texas Tech,1 Virginia,3 Purdue,5 Auburn,2 Kentucky,2 Michigan State,3 Texas Tech, ,2 Kentucky,2 Michigan State,2 Kentucky,2 Kentucky
Anna E.,2
2PEAT,2
Brexitball,2,1 Duke,2 Michigan State,1 Gonzaga,3 Texas Tech,1 Virginia,3 Purdue,5 Auburn,2 Kentucky,1 Duke, ,1 Virginia,2 Kentucky,1 Duke,2 Kentucky,1 Duke
BuyUsAWinner,2
This Year Though...,2
wrinkled balls,2
Red Raider Quaker,2
Bet They Got S.C.M.O.D.S.,2
Bulldogs Arf 1,2,1 Duke,2 Michigan State,1 Gonzaga,3 Texas Tech,1 Virginia,3 Purdue,5 Auburn,2 Kentucky,2 Michigan State,1 Gonzaga,1 Virginia, ,1 Gonzaga,1 Virginia,1 Gonzaga
Tim Apple,2
LETS GO BU!,2,1 Duke,2 Michigan State,1 Gonzaga,3 Texas Tech,1 Virginia,3 Purdue,5 Auburn,2 Kentucky,2 Michigan State,3 Texas Tech,1 Virginia,5 Auburn,2 Michigan State,1 Virginia,1 Virginia
Danielle Iserlis,2
Go SUNY Tech,2
Ckillar1,2,1 Duke,2 Michigan State,1 Gonzaga,3 Texas Tech,1 Virginia,3 Purdue,5 Auburn,2 Kentucky,2 Michigan State,3 Texas Tech, ,2 Kentucky,3 Texas Tech,2 Kentucky,3 Texas Tech
Gimme the loot,2
gsuss,2
My Bracket Sucks,2
DLee's Wife's Mount Zion,2
Julie M,2
Dan G.,2
AS1's Pool,2
Gene's Picks,2
Yogi Bear,2
Shez 2,2
Corliss > Zion,2
west coast best coast,2
My Toddlers Picks,2
Sprinkles,2
PapaBias,2
Bulldogs Arf #2,2,1 Duke,2 Michigan State,1 Gonzaga,3 Texas Tech,1 Virginia,3 Purdue,5 Auburn,2 Kentucky, , ,1 Virginia, , ,1 Virginia,1 Virginia
Sydney's College Fund,2
qvollmert,2
uclakav,2
Geoffs winners,2
Sprague The Whisperer,2
Coach Kroojawoowski,2
Disco Pants and Haircuts,2,1 Duke,2 Michigan State,1 Gonzaga,3 Texas Tech,1 Virginia,3 Purdue,5 Auburn,2 Kentucky,2 Michigan State,1 Gonzaga,1 Virginia, ,1 Gonzaga,1 Virginia,1 Virginia
Team ODB2,2
cbirn,2
Skinnyjam,2
Dat Bracket Doe,2
Geoff pool 2,2
Eric M Entry,2
GoDucks,2,1 Duke,2 Michigan State,1 Gonzaga,3 Texas Tech,1 Virginia,3 Purdue,5 Auburn,2 Kentucky, , , ,2 Kentucky, ,2 Kentucky,2 Kentucky
Todd's Wife,2
Team ODB,2
YOU ARE UG-LY,2,1 Duke,2 Michigan State,1 Gonzaga,3 Texas Tech,1 Virginia,3 Purdue,5 Auburn,2 Kentucky, ,1 Gonzaga, , ,1 Gonzaga, , 
augdiggity,2
FeelingLucky2019,2
All the Fish,2
Sanjita Mamacita,2
The Furst,2
Jeff Miller,2
javiiiiii,2
BMahoney,2
DLee's Bracket,2
Feirman 3,2
Boom Boom Room,2
Uzo's Winner,2
Iron Lion Zion,2
MASNYC,2
The Devil Wears Nada,2
HailTheBison,2
Corner Pocket,2
BigJohn,2,1 Duke,2 Michigan State,1 Gonzaga,3 Texas Tech,1 Virginia,3 Purdue,5 Auburn,2 Kentucky, , , , , , , 
Corndog,2,1 Duke,2 Michigan State,1 Gonzaga,3 Texas Tech,1 Virginia,3 Purdue,5 Auburn,2 Kentucky,1 Duke, , , , , , 
THE CUSE IS LOOSE,2
George Barton,2
Nova 2 of 3,2
TheStable,2,1 Duke,2 Michigan State,1 Gonzaga,3 Texas Tech,1 Virginia,3 Purdue,5 Auburn,2 Kentucky,2 Michigan State,1 Gonzaga,3 Purdue,2 Kentucky,1 Gonzaga,2 Kentucky,2 Kentucky
Abrams,2
cuttin' down the nets,2,1 Duke,2 Michigan State,1 Gonzaga,3 Texas Tech,1 Virginia,3 Purdue,5 Auburn,2 Kentucky, , , , , , , 
DSW Sneaker Blowout,2
Your Hero,2
Where is my money,2
Holden It Down.,2
Feirman 1,2,1 Duke,2 Michigan State,1 Gonzaga,3 Texas Tech,1 Virginia,3 Purdue,5 Auburn,2 Kentucky, ,3 Texas Tech, , , , , 
Rui Gooey,2,1 Duke,2 Michigan State,1 Gonzaga,3 Texas Tech,1 Virginia,3 Purdue,5 Auburn,2 Kentucky,2 Michigan State,1 Gonzaga, ,5 Auburn,1 Gonzaga, , 
riz1,2
Road to Zion,2,1 Duke,2 Michigan State,1 Gonzaga,3 Texas Tech,1 Virginia,3 Purdue,5 Auburn,2 Kentucky, , ,1 Virginia, , ,1 Virginia, 
Self Defecating,2
Random morgy,2
TiGo,2
bos2,2.5
Beilein Or Bust,2.5
What the Hell,2.5
Shez1,2.5
Feirman 2,2.5
Sara wins!,2.5
PlayingBlind,2.5
Zion National Park,2.5
ThisonesforPnut,2.5
bos1,2.5
MiamiGotFucked,2.5
Banana,2.5
Larry's bracket,2.5
Kyle Wall,2.5
KathDog,2.5
Larry G,2.5
I think I'm dying here,2.5
Mrs.bos'bracket,2.5
Not a Bracket,2.5
Three Orange Whips,2.5
Operation Varsity Blues,2.5
NotAWinner,2.5
Anna E.,2.5
2PEAT,2.5
Brexitball,2.5
BuyUsAWinner,2.5
This Year Though...,2.5
wrinkled balls,2.5
Red Raider Quaker,2.5
Bet They Got S.C.M.O.D.S.,2.5
Bulldogs Arf 1,2.5,1 Duke,2 Michigan State,1 Gonzaga,3 Texas Tech,1 Virginia,3 Purdue,5 Auburn,2 Kentucky,2 Michigan State,1 Gonzaga,1 Virginia,2 Kentucky,2 Michigan State,1 Virginia,2 Michigan State
Tim Apple,2.5
LETS GO BU!,2.5
Danielle Iserlis,2.5
Go SUNY Tech,2.5
Ckillar1,2.5
Gimme the loot,2.5
gsuss,2.5
My Bracket Sucks,2.5
DLee's Wife's Mount Zion,2.5
Julie M,2.5
Dan G.,2.5
AS1's Pool,2.5
Gene's Picks,2.5
Yogi Bear,2.5
Shez 2,2.5
Corliss > Zion,2.5
west coast best coast,2.5
My Toddlers Picks,2.5
Sprinkles,2.5
PapaBias,2.5
Bulldogs Arf #2,2.5,1 Duke,2 Michigan State,1 Gonzaga,3 Texas Tech,1 Virginia,3 Purdue,5 Auburn,2 Kentucky,2 Michigan State,1 Gonzaga,1 Virginia,2 Kentucky,2 Michigan State,1 Virginia,2 Michigan State
Sydney's College Fund,2.5
qvollmert,2.5
uclakav,2.5
Geoffs winners,2.5
Sprague The Whisperer,2.5
Coach Kroojawoowski,2.5
Disco Pants and Haircuts,2.5
Team ODB2,2.5
cbirn,2.5
Skinnyjam,2.5
Dat Bracket Doe,2.5
Geoff pool 2,2.5
Eric M Entry,2.5
GoDucks,2.5
Todd's Wife,2.5
Team ODB,2.5
YOU ARE UG-LY,2.5
augdiggity,2.5
FeelingLucky2019,2.5
All the Fish,2.5
Sanjita Mamacita,2.5
The Furst,2.5
Jeff Miller,2.5
javiiiiii,2.5
BMahoney,2.5
DLee's Bracket,2.5
Feirman 3,2.5
Boom Boom Room,2.5
Uzo's Winner,2.5
Iron Lion Zion,2.5
MASNYC,2.5
The Devil Wears Nada,2.5
HailTheBison,2.5
Corner Pocket,2.5
BigJohn,2.5
Corndog,2.5
THE CUSE IS LOOSE,2.5
George Barton,2.5
Nova 2 of 3,2.5
TheStable,2.5
Abrams,2.5
cuttin' down the nets,2.5
DSW Sneaker Blowout,2.5
Your Hero,2.5
Where is my money,2.5
Holden It Down.,2.5
Feirman 1,2.5
Rui Gooey,2.5
riz1,2.5
Road to Zion,2.5
Self Defecating,2.5
Random morgy,2.5
TiGo,2.5
bos2,3,1 Duke,2 Michigan State,1 Gonzaga,3 Texas Tech,1 Virginia,3 Purdue,5 Auburn,2 Kentucky,2 Michigan State, , , , , , 
Beilein Or Bust,3
What the Hell,3
Shez1,3
Feirman 2,3,1 Duke,2 Michigan State,1 Gonzaga,3 Texas Tech,1 Virginia,3 Purdue,5 Auburn,2 Kentucky, , , ,5 Auburn, ,5 Auburn, 
Sara wins!,3
PlayingBlind,3
Zion National Park,3
ThisonesforPnut,3
bos1,3,1 Duke,2 Michigan State,1 Gonzaga,3 Texas Tech,1 Virginia,3 Purdue,5 Auburn,2 Kentucky, ,1 Gonzaga, , ,1 Gonzaga, , 
MiamiGotFucked,3,1 Duke,2 Michigan State,1 Gonzaga,3 Texas Tech,1 Virginia,3 Purdue,5 Auburn,2 Kentucky,2 Michigan State, , , ,2 Michigan State, , 
Banana,3
Larry's bracket,3
Kyle Wall,3
KathDog,3
Larry G,3,1 Duke,2 Michigan State,1 Gonzaga,3 Texas Tech,1 Virginia,3 Purdue,5 Auburn,2 Kentucky,1 Duke,3 Texas Tech,3 Purdue,2 Kentucky,1 Duke,2 Kentucky,1 Duke
I think I'm dying here,3
Mrs.bos'bracket,3
Not a Bracket,3
Three Orange Whips,3
Operation Varsity Blues,3,1 Duke,2 Michigan State,1 Gonzaga,3 Texas Tech,1 Virginia,3 Purdue,5 Auburn,2 Kentucky, , , ,2 Kentucky, , , 
NotAWinner,3,1 Duke,2 Michigan State,1 Gonzaga,3 Texas Tech,1 Virginia,3 Purdue,5 Auburn,2 Kentucky,2 Michigan State, ,3 Purdue,2 Kentucky, ,2 Kentucky, 
Anna E.,3
2PEAT,3
Brexitball,3,1 Duke,2 Michigan State,1 Gonzaga,3 Texas Tech,1 Virginia,3 Purdue,5 Auburn,2 Kentucky,1 Duke,1 Gonzaga,3 Purdue,2 Kentucky,1 Duke,2 Kentucky,1 Duke
BuyUsAWinner,3
This Year Though...,3
wrinkled balls,3
Red Raider Quaker,3
Bet They Got S.C.M.O.D.S.,3
Bulldogs Arf 1,3,1 Duke,2 Michigan State,1 Gonzaga,3 Texas Tech,1 Virginia,3 Purdue,5 Auburn,2 Kentucky,2 Michigan State,1 Gonzaga, ,2 Kentucky,1 Gonzaga, ,1 Gonzaga
Tim Apple,3
LETS GO BU!,3,1 Duke,2 Michigan State,1 Gonzaga,3 Texas Tech,1 Virginia,3 Purdue,5 Auburn,2 Kentucky,2 Michigan State, ,1 Virginia, ,2 Michigan State,1 Virginia,1 Virginia
Danielle Iserlis,3,1 Duke,2 Michigan State,1 Gonzaga,3 Texas Tech,1 Virginia,3 Purdue,5 Auburn,2 Kentucky,1 Duke,1 Gonzaga,3 Purdue, ,1 Gonzaga,3 Purdue,1 Gonzaga
Go SUNY Tech,3
Ckillar1,3,1 Duke,2 Michigan State,1 Gonzaga,3 Texas Tech,1 Virginia,3 Purdue,5 Auburn,2 Kentucky,2 Michigan State,3 Texas Tech,1 Virginia,5 Auburn,3 Texas Tech,5 Auburn,3 Texas Tech
Gimme the loot,3
gsuss,3
My Bracket Sucks,3
DLee's Wife's Mount Zion,3
Julie M,3
Dan G.,3
AS1's Pool,3
Gene's Picks,3,1 Duke,2 Michigan State,1 Gonzaga,3 Texas Tech,1 Virginia,3 Purdue,5 Auburn,2 Kentucky, , ,1 Virginia, , ,1 Virginia,1 Virginia
Yogi Bear,3
Shez 2,3
Corliss > Zion,3
west coast best coast,3
My Toddlers Picks,3
Sprinkles,3
PapaBias,3
Bulldogs Arf #2,3,1 Duke,2 Michigan State,1 Gonzaga,3 Texas Tech,1 Virginia,3 Purdue,5 Auburn,2 Kentucky, , ,1 Virginia, , ,1 Virginia,1 Virginia
Sydney's College Fund,3
qvollmert,3
uclakav,3
Geoffs winners,3
Sprague The Whisperer,3
Coach Kroojawoowski,3
Disco Pants and Haircuts,3,1 Duke,2 Michigan State,1 Gonzaga,3 Texas Tech,1 Virginia,3 Purdue,5 Auburn,2 Kentucky,1 Duke,1 Gonzaga,1 Virginia,5 Auburn,1 Gonzaga,1 Virginia,1 Virginia
Team ODB2,3
cbirn,3
Skinnyjam,3
Dat Bracket Doe,3
Geoff pool 2,3
Eric M Entry,3
GoDucks,3,1 Duke,2 Michigan State,1 Gonzaga,3 Texas Tech,1 Virginia,3 Purdue,5 Auburn,2 Kentucky, , , ,2 Kentucky, ,2 Kentucky,2 Kentucky
Todd's Wife,3
Team ODB,3
YOU ARE UG-LY,3,1 Duke,2 Michigan State,1 Gonzaga,3 Texas Tech,1 Virginia,3 Purdue,5 Auburn,2 Kentucky, , , , , , , 
augdiggity,3,1 Duke,2 Michigan State,1 Gonzaga,3 Texas Tech,1 Virginia,3 Purdue,5 Auburn,2 Kentucky,1 Duke,1 Gonzaga, ,5 Auburn,1 Duke, , 
FeelingLucky2019,3
All the Fish,3
Sanjita Mamacita,3
The Furst,3
Jeff Miller,3,1 Duke,2 Michigan State,1 Gonzaga,3 Texas Tech,1 Virginia,3 Purdue,5 Auburn,2 Kentucky,2 Michigan State,1 Gonzaga,1 Virginia, ,1 Gonzaga,1 Virginia,1 Virginia
javiiiiii,3
BMahoney,3
DLee's Bracket,3
Feirman 3,3
Boom Boom Room,3
Uzo's Winner,3
Iron Lion Zion,3
MASNYC,3
The Devil Wears Nada,3
HailTheBison,3
Corner Pocket,3
BigJohn,3,1 Duke,2 Michigan State,1 Gonzaga,3 Texas Tech,1 Virginia,3 Purdue,5 Auburn,2 Kentucky, , , , , , , 
Corndog,3,1 Duke,2 Michigan State,1 Gonzaga,3 Texas Tech,1 Virginia,3 Purdue,5 Auburn,2 Kentucky, , ,1 Virginia, , , , 
THE CUSE IS LOOSE,3
George Barton,3
Nova 2 of 3,3
TheStable,3,1 Duke,2 Michigan State,1 Gonzaga,3 Texas Tech,1 Virginia,3 Purdue,5 Auburn,2 Kentucky,2 Michigan State,1 Gonzaga,1 Virginia,2 Kentucky,1 Gonzaga,2 Kentucky,2 Kentucky
Abrams,3
cuttin' down the nets,3,1 Duke,2 Michigan State,1 Gonzaga,3 Texas Tech,1 Virginia,3 Purdue,5 Auburn,2 Kentucky,2 Michigan State, , , ,2 Michigan State, , 
DSW Sneaker Blowout,3
Your Hero,3
Where is my money,3
Holden It Down.,3
Feirman 1,3,1 Duke,2 Michigan State,1 Gonzaga,3 Texas Tech,1 Virginia,3 Purdue,5 Auburn,2 Kentucky, , , , , , , 
Rui Gooey,3
riz1,3
Road to Zion,3,1 Duke,2 Michigan State,1 Gonzaga,3 Texas Tech,1 Virginia,3 Purdue,5 Auburn,2 Kentucky,1 Duke, , , ,1 Duke, , 
Self Defecating,3
Random morgy,3
TiGo,3
bos2,3.5
Beilein Or Bust,3.5
What the Hell,3.5
Shez1,3.5
Feirman 2,3.5
Sara wins!,3.5
PlayingBlind,3.5
Zion National Park,3.5
ThisonesforPnut,3.5
bos1,3.5
MiamiGotFucked,3.5
Banana,3.5
Larry's bracket,3.5
Kyle Wall,3.5
KathDog,3.5
Larry G,3.5
I think I'm dying here,3.5
Mrs.bos'bracket,3.5
Not a Bracket,3.5
Three Orange Whips,3.5
Operation Varsity Blues,3.5
NotAWinner,3.5
Anna E.,3.5
2PEAT,3.5
Brexitball,3.5
BuyUsAWinner,3.5
This Year Though...,3.5
wrinkled balls,3.5
Red Raider Quaker,3.5
Bet They Got S.C.M.O.D.S.,3.5
Bulldogs Arf 1,3.5,1 Duke,2 Michigan State,1 Gonzaga,3 Texas Tech,1 Virginia,3 Purdue,5 Auburn,2 Kentucky,2 Michigan State,3 Texas Tech,1 Virginia,2 Kentucky,3 Texas Tech,1 Virginia,3 Texas Tech
Tim Apple,3.5
LETS GO BU!,3.5
Danielle Iserlis,3.5
Go SUNY Tech,3.5
Ckillar1,3.5
Gimme the loot,3.5
gsuss,3.5
My Bracket Sucks,3.5
DLee's Wife's Mount Zion,3.5
Julie M,3.5
Dan G.,3.5
AS1's Pool,3.5
Gene's Picks,3.5,1 Duke,2 Michigan State,1 Gonzaga,3 Texas Tech,1 Virginia,3 Purdue,5 Auburn,2 Kentucky,1 Duke,3 Texas Tech,1 Virginia,2 Kentucky,3 Texas Tech,1 Virginia,3 Texas Tech
Yogi Bear,3.5
Shez 2,3.5
Corliss > Zion,3.5
west coast best coast,3.5
My Toddlers Picks,3.5
Sprinkles,3.5
PapaBias,3.5
Bulldogs Arf #2,3.5,1 Duke,2 Michigan State,1 Gonzaga,3 Texas Tech,1 Virginia,3 Purdue,5 Auburn,2 Kentucky,2 Michigan State,3 Texas Tech,1 Virginia,2 Kentucky,3 Texas Tech,1 Virginia,3 Texas Tech
Sydney's College Fund,3.5
qvollmert,3.5
uclakav,3.5
Geoffs winners,3.5
Sprague The Whisperer,3.5
Coach Kroojawoowski,3.5
Disco Pants and Haircuts,3.5
Team ODB2,3.5
cbirn,3.5
Skinnyjam,3.5
Dat Bracket Doe,3.5
Geoff pool 2,3.5
Eric M Entry,3.5
GoDucks,3.5
Todd's Wife,3.5
Team ODB,3.5
YOU ARE UG-LY,3.5
augdiggity,3.5
FeelingLucky2019,3.5
All the Fish,3.5
Sanjita Mamacita,3.5
The Furst,3.5
Jeff Miller,3.5
javiiiiii,3.5
BMahoney,3.5
DLee's Bracket,3.5
Feirman 3,3.5
Boom Boom Room,3.5
Uzo's Winner,3.5
Iron Lion Zion,3.5
MASNYC,3.5
The Devil Wears Nada,3.5
HailTheBison,3.5
Corner Pocket,3.5
BigJohn,3.5
Corndog,3.5
THE CUSE IS LOOSE,3.5
George Barton,3.5
Nova 2 of 3,3.5
TheStable,3.5
Abrams,3.5
cuttin' down the nets,3.5,1 Duke,2 Michigan State,1 Gonzaga,3 Texas Tech,1 Virginia,3 Purdue,5 Auburn,2 Kentucky,2 Michigan State,1 Gonzaga,3 Purdue,5 Auburn,1 Gonzaga, , 
DSW Sneaker Blowout,3.5
Your Hero,3.5
Where is my money,3.5
Holden It Down.,3.5
Feirman 1,3.5,1 Duke,2 Michigan State,1 Gonzaga,3 Texas Tech,1 Virginia,3 Purdue,5 Auburn,2 Kentucky,1 Duke,3 Texas Tech,1 Virginia,2 Kentucky,3 Texas Tech,1 Virginia,3 Texas Tech
Rui Gooey,3.5,1 Duke,2 Michigan State,1 Gonzaga,3 Texas Tech,1 Virginia,3 Purdue,5 Auburn,2 Kentucky,2 Michigan State,1 Gonzaga,3 Purdue,5 Auburn,1 Gonzaga, , 
riz1,3.5
Road to Zion,3.5
Self Defecating,3.5
Random morgy,3.5
TiGo,3.5
bos2,4,1 Duke,2 Michigan State,1 Gonzaga,3 Texas Tech,1 Virginia,3 Purdue,5 Auburn,2 Kentucky,2 Michigan State, , ,5 Auburn, , , 
Beilein Or Bust,4
What the Hell,4
Shez1,4
Feirman 2,4,1 Duke,2 Michigan State,1 Gonzaga,3 Texas Tech,1 Virginia,3 Purdue,5 Auburn,2 Kentucky, , , ,5 Auburn, , , 
Sara wins!,4
PlayingBlind,4
Zion National Park,4
ThisonesforPnut,4
bos1,4,1 Duke,2 Michigan State,1 Gonzaga,3 Texas Tech,1 Virginia,3 Purdue,5 Auburn,2 Kentucky,1 Duke,1 Gonzaga,3 Purdue, ,1 Gonzaga, , 
MiamiGotFucked,4,1 Duke,2 Michigan State,1 Gonzaga,3 Texas Tech,1 Virginia,3 Purdue,5 Auburn,2 Kentucky,2 Michigan State, , , , , , 
Banana,4
Larry's bracket,4
Kyle Wall,4,1 Duke,2 Michigan State,1 Gonzaga,3 Texas Tech,1 Virginia,3 Purdue,5 Auburn,2 Kentucky,2 Michigan State,1 Gonzaga,3 Purdue, ,2 Michigan State, ,2 Michigan State
KathDog,4
Larry G,4
I think I'm dying here,4
Mrs.bos'bracket,4
Not a Bracket,4
Three Orange Whips,4
Operation Varsity Blues,4,1 Duke,2 Michigan State,1 Gonzaga,3 Texas Tech,1 Virginia,3 Purdue,5 Auburn,2 Kentucky,2 Michigan State,3 Texas Tech, ,2 Kentucky, ,2 Kentucky, 
NotAWinner,4,1 Duke,2 Michigan State,1 Gonzaga,3 Texas Tech,1 Virginia,3 Purdue,5 Auburn,2 Kentucky,2 Michigan State,3 Texas Tech,1 Virginia,2 Kentucky,3 Texas Tech,2 Kentucky,2 Kentucky
Anna E.,4
2PEAT,4
Brexitball,4,1 Duke,2 Michigan State,1 Gonzaga,3 Texas Tech,1 Virginia,3 Purdue,5 Auburn,2 Kentucky,1 Duke,3 Texas Tech,3 Purdue,2 Kentucky,1 Duke,2 Kentucky,1 Duke
BuyUsAWinner,4,1 Duke,2 Michigan State,1 Gonzaga,3 Texas Tech,1 Virginia,3 Purdue,5 Auburn,2 Kentucky, , ,1 Virginia, , ,1 Virginia,1 Virginia
This Year Though...,4
wrinkled balls,4
Red Raider Quaker,4
Bet They Got S.C.M.O.D.S.,4
Bulldogs Arf 1,4,1 Duke,2 Michigan State,1 Gonzaga,3 Texas Tech,1 Virginia,3 Purdue,5 Auburn,2 Kentucky, ,1 Gonzaga, , ,1 Gonzaga, ,1 Gonzaga
Tim Apple,4
LETS GO BU!,4,1 Duke,2 Michigan State,1 Gonzaga,3 Texas Tech,1 Virginia,3 Purdue,5 Auburn,2 Kentucky,2 Michigan State,3 Texas Tech,1 Virginia,5 Auburn, ,1 Virginia, 
Danielle Iserlis,4,1 Duke,2 Michigan State,1 Gonzaga,3 Texas Tech,1 Virginia,3 Purdue,5 Auburn,2 Kentucky,1 Duke,1 Gonzaga,3 Purdue, ,1 Gonzaga,3 Purdue,3 Purdue
Go SUNY Tech,4,1 Duke,2 Michigan State,1 Gonzaga,3 Texas Tech,1 Virginia,3 Purdue,5 Auburn,2 Kentucky,2 Michigan State,1 Gonzaga,1 Virginia,2 Kentucky,1 Gonzaga,1 Virginia,1 Gonzaga
Ckillar1,4,1 Duke,2 Michigan State,1 Gonzaga,3 Texas Tech,1 Virginia,3 Purdue,5 Auburn,2 Kentucky, ,3 Texas Tech, , ,3 Texas Tech, ,3 Texas Tech
Gimme the loot,4
gsuss,4
My Bracket Sucks,4
DLee's Wife's Mount Zion,4
Julie M,4
Dan G.,4
AS1's Pool,4,1 Duke,2 Michigan State,1 Gonzaga,3 Texas Tech,1 Virginia,3 Purdue,5 Auburn,2 Kentucky,1 Duke,1 Gonzaga,1 Virginia,5 Auburn,1 Gonzaga,1 Virginia,1 Gonzaga
Gene's Picks,4,1 Duke,2 Michigan State,1 Gonzaga,3 Texas Tech,1 Virginia,3 Purdue,5 Auburn,2 Kentucky,2 Michigan State,3 Texas Tech,1 Virginia, ,2 Michigan State,1 Virginia,1 Virginia
Yogi Bear,4
Shez 2,4
Corliss > Zion,4
west coast best coast,4,1 Duke,2 Michigan State,1 Gonzaga,3 Texas Tech,1 Virginia,3 Purdue,5 Auburn,2 Kentucky,1 Duke, ,1 Virginia,2 Kentucky,1 Duke,1 Virginia,1 Duke
My Toddlers Picks,4
Sprinkles,4
PapaBias,4
Bulldogs Arf #2,4
Sydney's College Fund,4
qvollmert,4
uclakav,4
Geoffs winners,4
Sprague The Whisperer,4
Coach Kroojawoowski,4
Disco Pants and Haircuts,4,1 Duke,2 Michigan State,1 Gonzaga,3 Texas Tech,1 Virginia,3 Purdue,5 Auburn,2 Kentucky,2 Michigan State,1 Gonzaga,1 Virginia,5 Auburn,2 Michigan State,1 Virginia,1 Virginia
Team ODB2,4
cbirn,4
Skinnyjam,4
Dat Bracket Doe,4
Geoff pool 2,4
Eric M Entry,4
GoDucks,4,1 Duke,2 Michigan State,1 Gonzaga,3 Texas Tech,1 Virginia,3 Purdue,5 Auburn,2 Kentucky,2 Michigan State, , ,2 Kentucky, ,2 Kentucky,2 Kentucky
Todd's Wife,4,1 Duke,2 Michigan State,1 Gonzaga,3 Texas Tech,1 Virginia,3 Purdue,5 Auburn,2 Kentucky,2 Michigan State,3 Texas Tech,1 Virginia,5 Auburn,2 Michigan State,5 Auburn, 
Team ODB,4
YOU ARE UG-LY,4,1 Duke,2 Michigan State,1 Gonzaga,3 Texas Tech,1 Virginia,3 Purdue,5 Auburn,2 Kentucky,2 Michigan State, ,1 Virginia, , ,1 Virginia, 
augdiggity,4,1 Duke,2 Michigan State,1 Gonzaga,3 Texas Tech,1 Virginia,3 Purdue,5 Auburn,2 Kentucky,1 Duke,1 Gonzaga, , ,1 Duke, ,1 Duke
FeelingLucky2019,4
All the Fish,4
Sanjita Mamacita,4
The Furst,4
Jeff Miller,4,1 Duke,2 Michigan State,1 Gonzaga,3 Texas Tech,1 Virginia,3 Purdue,5 Auburn,2 Kentucky,1 Duke,1 Gonzaga,1 Virginia,5 Auburn,1 Gonzaga,1 Virginia,1 Virginia
javiiiiii,4
BMahoney,4
DLee's Bracket,4
Feirman 3,4
Boom Boom Room,4
Uzo's Winner,4,1 Duke,2 Michigan State,1 Gonzaga,3 Texas Tech,1 Virginia,3 Purdue,5 Auburn,2 Kentucky,1 Duke,1 Gonzaga,1 Virginia,5 Auburn,1 Duke,1 Virginia,1 Virginia
Iron Lion Zion,4
MASNYC,4
The Devil Wears Nada,4
HailTheBison,4
Corner Pocket,4
BigJohn,4,1 Duke,2 Michigan State,1 Gonzaga,3 Texas Tech,1 Virginia,3 Purdue,5 Auburn,2 Kentucky, , , , , , , 
Corndog,4,1 Duke,2 Michigan State,1 Gonzaga,3 Texas Tech,1 Virginia,3 Purdue,5 Auburn,2 Kentucky, , , , , , , 
THE CUSE IS LOOSE,4
George Barton,4,1 Duke,2 Michigan State,1 Gonzaga,3 Texas Tech,1 Virginia,3 Purdue,5 Auburn,2 Kentucky,1 Duke,1 Gonzaga,1 Virginia,2 Kentucky,1 Duke,2 Kentucky,1 Duke
Nova 2 of 3,4
TheStable,4,1 Duke,2 Michigan State,1 Gonzaga,3 Texas Tech,1 Virginia,3 Purdue,5 Auburn,2 Kentucky,1 Duke,1 Gonzaga, ,2 Kentucky,1 Gonzaga,2 Kentucky,2 Kentucky
Abrams,4
cuttin' down the nets,4,1 Duke,2 Michigan State,1 Gonzaga,3 Texas Tech,1 Virginia,3 Purdue,5 Auburn,2 Kentucky, , ,3 Purdue,2 Kentucky, , , 
DSW Sneaker Blowout,4
Your Hero,4
Where is my money,4
Holden It Down.,4
Feirman 1,4,1 Duke,2 Michigan State,1 Gonzaga,3 Texas Tech,1 Virginia,3 Purdue,5 Auburn,2 Kentucky, , , , , , , 
Rui Gooey,4,1 Duke,2 Michigan State,1 Gonzaga,3 Texas Tech,1 Virginia,3 Purdue,5 Auburn,2 Kentucky, ,1 Gonzaga, , ,1 Gonzaga, ,1 Gonzaga
riz1,4
Road to Zion,4,1 Duke,2 Michigan State,1 Gonzaga,3 Texas Tech,1 Virginia,3 Purdue,5 Auburn,2 Kentucky,1 Duke,3 Texas Tech, , , , , 
Self Defecating,4
Random morgy,4
TiGo,4
bos2,4.5,1 Duke,2 Michigan State,1 Gonzaga,3 Texas Tech,1 Virginia,3 Purdue,5 Auburn,2 Kentucky,2 Michigan State,1 Gonzaga,1 Virginia,2 Kentucky,2 Michigan State,1 Virginia,2 Michigan State
Beilein Or Bust,4.5
What the Hell,4.5
Shez1,4.5
Feirman 2,4.5,1 Duke,2 Michigan State,1 Gonzaga,3 Texas Tech,1 Virginia,3 Purdue,5 Auburn,2 Kentucky,1 Duke,1 Gonzaga,3 Purdue,5 Auburn,1 Gonzaga,3 Purdue,1 Gonzaga
Sara wins!,4.5
PlayingBlind,4.5
Zion National Park,4.5
ThisonesforPnut,4.5
bos1,4.5,1 Duke,2 Michigan State,1 Gonzaga,3 Texas Tech,1 Virginia,3 Purdue,5 Auburn,2 Kentucky,1 Duke,1 Gonzaga,3 Purdue,5 Auburn,1 Gonzaga,3 Purdue,1 Gonzaga
MiamiGotFucked,4.5,1 Duke,2 Michigan State,1 Gonzaga,3 Texas Tech,1 Virginia,3 Purdue,5 Auburn,2 Kentucky,2 Michigan State,1 Gonzaga,1 Virginia,2 Kentucky,2 Michigan State,1 Virginia,2 Michigan State
Banana,4.5
Larry's bracket,4.5
Kyle Wall,4.5
KathDog,4.5
Larry G,4.5
I think I'm dying here,4.5
Mrs.bos'bracket,4.5
Not a Bracket,4.5
Three Orange Whips,4.5
Operation Varsity Blues,4.5,1 Duke,2 Michigan State,1 Gonzaga,3 Texas Tech,1 Virginia,3 Purdue,5 Auburn,2 Kentucky,2 Michigan State,1 Gonzaga,3 Purdue,2 Kentucky,1 Gonzaga,2 Kentucky,2 Kentucky
NotAWinner,4.5,1 Duke,2 Michigan State,1 Gonzaga,3 Texas Tech,1 Virginia,3 Purdue,5 Auburn,2 Kentucky,2 Michigan State,1 Gonzaga,3 Purdue,2 Kentucky,1 Gonzaga,2 Kentucky,2 Kentucky
Anna E.,4.5
2PEAT,4.5
Brexitball,4.5
BuyUsAWinner,4.5
This Year Though...,4.5
wrinkled balls,4.5
Red Raider Quaker,4.5
Bet They Got S.C.M.O.D.S.,4.5
Bulldogs Arf 1,4.5,1 Duke,2 Michigan State,1 Gonzaga,3 Texas Tech,1 Virginia,3 Purdue,5 Auburn,2 Kentucky,2 Michigan State, , , , , , 
Tim Apple,4.5
LETS GO BU!,4.5
Danielle Iserlis,4.5
Go SUNY Tech,4.5
Ckillar1,4.5
Gimme the loot,4.5
gsuss,4.5
My Bracket Sucks,4.5
DLee's Wife's Mount Zion,4.5
Julie M,4.5
Dan G.,4.5
AS1's Pool,4.5
Gene's Picks,4.5,1 Duke,2 Michigan State,1 Gonzaga,3 Texas Tech,1 Virginia,3 Purdue,5 Auburn,2 Kentucky,1 Duke,3 Texas Tech,1 Virginia,5 Auburn,3 Texas Tech,1 Virginia,3 Texas Tech
Yogi Bear,4.5
Shez 2,4.5
Corliss > Zion,4.5
west coast best coast,4.5
My Toddlers Picks,4.5
Sprinkles,4.5
PapaBias,4.5
Bulldogs Arf #2,4.5,1 Duke,2 Michigan State,1 Gonzaga,3 Texas Tech,1 Virginia,3 Purdue,5 Auburn,2 Kentucky,2 Michigan State, , , , , , 
Sydney's College Fund,4.5
qvollmert,4.5
uclakav,4.5
Geoffs winners,4.5
Sprague The Whisperer,4.5
Coach Kroojawoowski,4.5
Disco Pants and Haircuts,4.5
Team ODB2,4.5
cbirn,4.5
Skinnyjam,4.5
Dat Bracket Doe,4.5
Geoff pool 2,4.5
Eric M Entry,4.5
GoDucks,4.5
Todd's Wife,4.5
Team ODB,4.5
YOU ARE UG-LY,4.5
augdiggity,4.5
FeelingLucky2019,4.5
All the Fish,4.5
Sanjita Mamacita,4.5
The Furst,4.5
Jeff Miller,4.5
javiiiiii,4.5
BMahoney,4.5
DLee's Bracket,4.5
Feirman 3,4.5
Boom Boom Room,4.5
Uzo's Winner,4.5
Iron Lion Zion,4.5
MASNYC,4.5
The Devil Wears Nada,4.5
HailTheBison,4.5
Corner Pocket,4.5
BigJohn,4.5
Corndog,4.5
THE CUSE IS LOOSE,4.5
George Barton,4.5
Nova 2 of 3,4.5
TheStable,4.5
Abrams,4.5
cuttin' down the nets,4.5
DSW Sneaker Blowout,4.5
Your Hero,4.5
Where is my money,4.5
Holden It Down.,4.5
Feirman 1,4.5,1 Duke,2 Michigan State,1 Gonzaga,3 Texas Tech,1 Virginia,3 Purdue,5 Auburn,2 Kentucky,1 Duke,3 Texas Tech,1 Virginia,5 Auburn,3 Texas Tech,1 Virginia,3 Texas Tech
Rui Gooey,4.5
riz1,4.5
Road to Zion,4.5
Self Defecating,4.5
Random morgy,4.5
TiGo,4.5
bos2,36,1 Duke,2 Michigan State,1 Gonzaga,3 Texas Tech,1 Virginia,3 Purdue,5 Auburn,2 Kentucky,1 Duke,3 Texas Tech,3 Purdue,2 Kentucky,1 Duke,3 Purdue,3 Purdue
Beilein Or Bust,36
What the Hell,36
Shez1,36,1 Duke,2 Michigan State,1 Gonzaga,3 Texas Tech,1 Virginia,3 Purdue,5 Auburn,2 Kentucky,2 Michigan State,1 Gonzaga,1 Virginia,5 Auburn,2 Michigan State,1 Virginia,2 Michigan State
Feirman 2,36
Sara wins!,36
PlayingBlind,36
Zion National Park,36
ThisonesforPnut,36
bos1,36
MiamiGotFucked,36,1 Duke,2 Michigan State,1 Gonzaga,3 Texas Tech,1 Virginia,3 Purdue,5 Auburn,2 Kentucky,1 Duke, ,1 Virginia,2 Kentucky,1 Duke, , 
Banana,36
Larry's bracket,36
Kyle Wall,36
KathDog,36
Larry G,36,1 Duke,2 Michigan State,1 Gonzaga,3 Texas Tech,1 Virginia,3 Purdue,5 Auburn,2 Kentucky, , ,1 Virginia, , , , 
I think I'm dying here,36,1 Duke,2 Michigan State,1 Gonzaga,3 Texas Tech,1 Virginia,3 Purdue,5 Auburn,2 Kentucky,2 Michigan State,3 Texas Tech,1 Virginia,2 Kentucky, ,1 Virginia,1 Virginia
Mrs.bos'bracket,36
Not a Bracket,36
Three Orange Whips,36,1 Duke,2 Michigan State,1 Gonzaga,3 Texas Tech,1 Virginia,3 Purdue,5 Auburn,2 Kentucky,2 Michigan State, , , , , , 
Operation Varsity Blues,36,1 Duke,2 Michigan State,1 Gonzaga,3 Texas Tech,1 Virginia,3 Purdue,5 Auburn,2 Kentucky,2 Michigan State,1 Gonzaga,3 Purdue,5 Auburn,1 Gonzaga,3 Purdue,3 Purdue
NotAWinner,36,1 Duke,2 Michigan State,1 Gonzaga,3 Texas Tech,1 Virginia,3 Purdue,5 Auburn,2 Kentucky, , , , , , , 
Anna E.,36
2PEAT,36
Brexitball,36,1 Duke,2 Michigan State,1 Gonzaga,3 Texas Tech,1 Virginia,3 Purdue,5 Auburn,2 Kentucky,1 Duke,3 Texas Tech, ,5 Auburn,3 Texas Tech, ,3 Texas Tech
BuyUsAWinner,36,1 Duke,2 Michigan State,1 Gonzaga,3 Texas Tech,1 Virginia,3 Purdue,5 Auburn,2 Kentucky,2 Michigan State,1 Gonzaga,3 Purdue,5 Auburn,2 Michigan State, , 
This Year Though...,36,1 Duke,2 Michigan State,1 Gonzaga,3 Texas Tech,1 Virginia,3 Purdue,5 Auburn,2 Kentucky, , ,1 Virginia, , , , 
wrinkled balls,36
Red Raider Quaker,36
Bet They Got S.C.M.O.D.S.,36
Bulldogs Arf 1,36
Tim Apple,36,1 Duke,2 Michigan State,1 Gonzaga,3 Texas Tech,1 Virginia,3 Purdue,5 Auburn,2 Kentucky,2 Michigan State,3 Texas Tech,1 Virginia,5 Auburn,2 Michigan State,1 Virginia,2 Michigan State
LETS GO BU!,36
Danielle Iserlis,36
Go SUNY Tech,36,1 Duke,2 Michigan State,1 Gonzaga,3 Texas Tech,1 Virginia,3 Purdue,5 Auburn,2 Kentucky,2 Michigan State,3 Texas Tech,3 Purdue,5 Auburn,2 Michigan State, , 
Ckillar1,36
Gimme the loot,36
gsuss,36
My Bracket Sucks,36,1 Duke,2 Michigan State,1 Gonzaga,3 Texas Tech,1 Virginia,3 Purdue,5 Auburn,2 Kentucky,1 Duke,1 Gonzaga,3 Purdue,2 Kentucky,1 Gonzaga,2 Kentucky,2 Kentucky
DLee's Wife's Mount Zion,36,1 Duke,2 Michigan State,1 Gonzaga,3 Texas Tech,1 Virginia,3 Purdue,5 Auburn,2 Kentucky,1 Duke,1 Gonzaga,3 Purdue,2 Kentucky,1 Duke,2 Kentucky,1 Duke
Julie M,36
Dan G.,36
AS1's Pool,36,1 Duke,2 Michigan State,1 Gonzaga,3 Texas Tech,1 Virginia,3 Purdue,5 Auburn,2 Kentucky,1 Duke, , , , , , 
Gene's Picks,36,1 Duke,2 Michigan State,1 Gonzaga,3 Texas Tech,1 Virginia,3 Purdue,5 Auburn,2 Kentucky, ,1 Gonzaga, , ,1 Gonzaga, , 
Yogi Bear,36,1 Duke,2 Michigan State,1 Gonzaga,3 Texas Tech,1 Virginia,3 Purdue,5 Auburn,2 Kentucky,1 Duke,3 Texas Tech,1 Virginia,5 Auburn,3 Texas Tech,5 Auburn,3 Texas Tech
Shez 2,36,1 Duke,2 Michigan State,1 Gonzaga,3 Texas Tech,1 Virginia,3 Purdue,5 Auburn,2 Kentucky,1 Duke,3 Texas Tech,3 Purdue,5 Auburn,1 Duke, ,1 Duke
Corliss > Zion,36
west coast best coast,36,1 Duke,2 Michigan State,1 Gonzaga,3 Texas Tech,1 Virginia,3 Purdue,5 Auburn,2 Kentucky,1 Duke,1 Gonzaga,3 Purdue,2 Kentucky,1 Gonzaga,3 Purdue,3 Purdue
My Toddlers Picks,36
Sprinkles,36,1 Duke,2 Michigan State,1 Gonzaga,3 Texas Tech,1 Virginia,3 Purdue,5 Auburn,2 Kentucky,1 Duke,1 Gonzaga,3 Purdue,5 Auburn,1 Duke,3 Purdue,3 Purdue
PapaBias,36
Bulldogs Arf #2,36
Sydney's College Fund,36
qvollmert,36,1 Duke,2 Michigan State,1 Gonzaga,3 Texas Tech,1 Virginia,3 Purdue,5 Auburn,2 Kentucky,2 Michigan State,1 Gonzaga,3 Purdue,5 Auburn,1 Gonzaga,3 Purdue,3 Purdue
uclakav,36,1 Duke,2 Michigan State,1 Gonzaga,3 Texas Tech,1 Virginia,3 Purdue,5 Auburn,2 Kentucky,1 Duke,1 Gonzaga,3 Purdue,2 Kentucky,1 Duke,2 Kentucky,1 Duke
Geoffs winners,36
Sprague The Whisperer,36
Coach Kroojawoowski,36
Disco Pants and Haircuts,36,1 Duke,2 Michigan State,1 Gonzaga,3 Texas Tech,1 Virginia,3 Purdue,5 Auburn,2 Kentucky,1 Duke,3 Texas Tech,1 Virginia,5 Auburn,3 Texas Tech,1 Virginia,3 Texas Tech
Team ODB2,36
cbirn,36
Skinnyjam,36,1 Duke,2 Michigan State,1 Gonzaga,3 Texas Tech,1 Virginia,3 Purdue,5 Auburn,2 Kentucky,2 Michigan State,3 Texas Tech,1 Virginia,5 Auburn,2 Michigan State,1 Virginia,1 Virginia
Dat Bracket Doe,36
Geoff pool 2,36
Eric M Entry,36,1 Duke,2 Michigan State,1 Gonzaga,3 Texas Tech,1 Virginia,3 Purdue,5 Auburn,2 Kentucky,2 Michigan State,1 Gonzaga, , ,1 Gonzaga, ,1 Gonzaga
GoDucks,36,1 Duke,2 Michigan State,1 Gonzaga,3 Texas Tech,1 Virginia,3 Purdue,5 Auburn,2 Kentucky,1 Duke, ,1 Virginia,5 Auburn, , , 
Todd's Wife,36,1 Duke,2 Michigan State,1 Gonzaga,3 Texas Tech,1 Virginia,3 Purdue,5 Auburn,2 Kentucky,1 Duke,3 Texas Tech,1 Virginia,2 Kentucky,3 Texas Tech,1 Virginia,1 Virginia
Team ODB,36,1 Duke,2 Michigan State,1 Gonzaga,3 Texas Tech,1 Virginia,3 Purdue,5 Auburn,2 Kentucky,1 Duke,1 Gonzaga,1 Virginia,2 Kentucky,1 Gonzaga,1 Virginia,1 Gonzaga
YOU ARE UG-LY,36,1 Duke,2 Michigan State,1 Gonzaga,3 Texas Tech,1 Virginia,3 Purdue,5 Auburn,2 Kentucky,1 Duke,3 Texas Tech,1 Virginia,2 Kentucky,1 Duke,2 Kentucky,1 Duke
augdiggity,36
FeelingLucky2019,36
All the Fish,36,1 Duke,2 Michigan State,1 Gonzaga,3 Texas Tech,1 Virginia,3 Purdue,5 Auburn,2 Kentucky,2 Michigan State,1 Gonzaga,1 Virginia,5 Auburn,2 Michigan State,5 Auburn,5 Auburn
Sanjita Mamacita,36
The Furst,36
Jeff Miller,36,1 Duke,2 Michigan State,1 Gonzaga,3 Texas Tech,1 Virginia,3 Purdue,5 Auburn,2 Kentucky, ,1 Gonzaga, ,2 Kentucky, ,2 Kentucky, 
javiiiiii,36,1 Duke,2 Michigan State,1 Gonzaga,3 Texas Tech,1 Virginia,3 Purdue,5 Auburn,2 Kentucky,1 Duke,1 Gonzaga, , ,1 Duke, ,1 Duke
BMahoney,36
DLee's Bracket,36
Feirman 3,36
Boom Boom Room,36,1 Duke,2 Michigan State,1 Gonzaga,3 Texas Tech,1 Virginia,3 Purdue,5 Auburn,2 Kentucky, ,3 Texas Tech,1 Virginia, , , , 
Uzo's Winner,36
Iron Lion Zion,36
MASNYC,36,1 Duke,2 Michigan State,1 Gonzaga,3 Texas Tech,1 Virginia,3 Purdue,5 Auburn,2 Kentucky, , , ,2 Kentucky, , , 
The Devil Wears Nada,36,1 Duke,2 Michigan State,1 Gonzaga,3 Texas Tech,1 Virginia,3 Purdue,5 Auburn,2 Kentucky,2 Michigan State,3 Texas Tech,1 Virginia,5 Auburn,2 Michigan State,1 Virginia,2 Michigan State
HailTheBison,36
Corner Pocket,36
BigJohn,36
Corndog,36
THE CUSE IS LOOSE,36,1 Duke,2 Michigan State,1 Gonzaga,3 Texas Tech,1 Virginia,3 Purdue,5 Auburn,2 Kentucky,1 Duke,1 Gonzaga,1 Virginia,5 Auburn,1 Duke,5 Auburn,1 Duke
George Barton,36,1 Duke,2 Michigan State,1 Gonzaga,3 Texas Tech,1 Virginia,3 Purdue,5 Auburn,2 Kentucky, , , ,2 Kentucky, , , 
Nova 2 of 3,36
TheStable,36,1 Duke,2 Michigan State,1 Gonzaga,3 Texas Tech,1 Virginia,3 Purdue,5 Auburn,2 Kentucky,2 Michigan State,1 Gonzaga,1 Virginia, ,1 Gonzaga, ,1 Gonzaga
Abrams,36,1 Duke,2 Michigan State,1 Gonzaga,3 Texas Tech,1 Virginia,3 Purdue,5 Auburn,2 Kentucky,1 Duke,1 Gonzaga,1 Virginia,5 Auburn,1 Gonzaga,5 Auburn,1 Gonzaga
cuttin' down the nets,36,1 Duke,2 Michigan State,1 Gonzaga,3 Texas Tech,1 Virginia,3 Purdue,5 Auburn,2 Kentucky,1 Duke,1 Gonzaga,3 Purdue,2 Kentucky,1 Duke,2 Kentucky,1 Duke
DSW Sneaker Blowout,36,1 Duke,2 Michigan State,1 Gonzaga,3 Texas Tech,1 Virginia,3 Purdue,5 Auburn,2 Kentucky,2 Michigan State,1 Gonzaga,3 Purdue,5 Auburn,2 Michigan State,3 Purdue,2 Michigan State
Your Hero,36,1 Duke,2 Michigan State,1 Gonzaga,3 Texas Tech,1 Virginia,3 Purdue,5 Auburn,2 Kentucky,1 Duke,3 Texas Tech,1 Virginia,5 Auburn,3 Texas Tech,1 Virginia,3 Texas Tech
Where is my money,36
Holden It Down.,36
Feirman 1,36
Rui Gooey,36,1 Duke,2 Michigan State,1 Gonzaga,3 Texas Tech,1 Virginia,3 Purdue,5 Auburn,2 Kentucky,1 Duke,1 Gonzaga,3 Purdue,2 Kentucky,1 Duke,3 Purdue,3 Purdue
riz1,36
Road to Zion,36
Self Defecating,36
Random morgy,36
TiGo,36
bos2,36.5
Beilein Or Bust,36.5
What the Hell,36.5
Shez1,36.5
Feirman 2,36.5
Sara wins!,36.5,1 Duke,2 Michigan State,1 Gonzaga,3 Texas Tech,1 Virginia,3 Purdue,5 Auburn,2 Kentucky,2 Michigan State,1 Gonzaga,1 Virginia, ,1 Gonzaga, , 
PlayingBlind,36.5
Zion National Park,36.5,1 Duke,2 Michigan State,1 Gonzaga,3 Texas Tech,1 Virginia,3 Purdue,5 Auburn,2 Kentucky,1 Duke,3 Texas Tech,3 Purdue,5 Auburn,1 Duke,3 Purdue,3 Purdue
ThisonesforPnut,36.5
bos1,36.5
MiamiGotFucked,36.5,1 Duke,2 Michigan State,1 Gonzaga,3 Texas Tech,1 Virginia,3 Purdue,5 Auburn,2 Kentucky,1 Duke,3 Texas Tech,3 Purdue,5 Auburn,1 Duke,3 Purdue,3 Purdue
Banana,36.5
Larry's bracket,36.5
Kyle Wall,36.5
KathDog,36.5
Larry G,36.5,1 Duke,2 Michigan State,1 Gonzaga,3 Texas Tech,1 Virginia,3 Purdue,5 Auburn,2 Kentucky,2 Michigan State,3 Texas Tech,3 Purdue,5 Auburn,2 Michigan State,5 Auburn,5 Auburn
I think I'm dying here,36.5
Mrs.bos'bracket,36.5
Not a Bracket,36.5
Three Orange Whips,36.5,1 Duke,2 Michigan State,1 Gonzaga,3 Texas Tech,1 Virginia,3 Purdue,5 Auburn,2 Kentucky, ,3 Texas Tech,1 Virginia,5 Auburn,3 Texas Tech,1 Virginia,1 Virginia
Operation Varsity Blues,36.5
NotAWinner,36.5
Anna E.,36.5
2PEAT,36.5
Brexitball,36.5,1 Duke,2 Michigan State,1 Gonzaga,3 Texas Tech,1 Virginia,3 Purdue,5 Auburn,2 Kentucky,1 Duke,1 Gonzaga,1 Virginia,5 Auburn,1 Gonzaga,1 Virginia, 
BuyUsAWinner,36.5
This Year Though...,36.5
wrinkled balls,36.5
Red Raider Quaker,36.5
Bet They Got S.C.M.O.D.S.,36.5
Bulldogs Arf 1,36.5
Tim Apple,36.5
LETS GO BU!,36.5,1 Duke,2 Michigan State,1 Gonzaga,3 Texas Tech,1 Virginia,3 Purdue,5 Auburn,2 Kentucky,2 Michigan State,1 Gonzaga,1 Virginia,2 Kentucky,1 Gonzaga,2 Kentucky,2 Kentucky
Danielle Iserlis,36.5
Go SUNY Tech,36.5
Ckillar1,36.5
Gimme the loot,36.5
gsuss,36.5,1 Duke,2 Michigan State,1 Gonzaga,3 Texas Tech,1 Virginia,3 Purdue,5 Auburn,2 Kentucky,1 Duke,1 Gonzaga,1 Virginia,2 Kentucky,1 Duke,1 Virginia,1 Duke
My Bracket Sucks,36.5
DLee's Wife's Mount Zion,36.5
Julie M,36.5
Dan G.,36.5,1 Duke,2 Michigan State,1 Gonzaga,3 Texas Tech,1 Virginia,3 Purdue,5 Auburn,2 Kentucky,2 Michigan State,3 Texas Tech,3 Purdue,2 Kentucky,3 Texas Tech,3 Purdue, 
AS1's Pool,36.5,1 Duke,2 Michigan State,1 Gonzaga,3 Texas Tech,1 Virginia,3 Purdue,5 Auburn,2 Kentucky,2 Michigan State, ,3 Purdue, , , , 
Gene's Picks,36.5,1 Duke,2 Michigan State,1 Gonzaga,3 Texas Tech,1 Virginia,3 Purdue,5 Auburn,2 Kentucky,2 Michigan State,1 Gonzaga,3 Purdue,5 Auburn,2 Michigan State,5 Auburn,5 Auburn
Yogi Bear,36.5,1 Duke,2 Michigan State,1 Gonzaga,3 Texas Tech,1 Virginia,3 Purdue,5 Auburn,2 Kentucky,2 Michigan State,3 Texas Tech,3 Purdue,5 Auburn,2 Michigan State,5 Auburn,5 Auburn
Shez 2,36.5
Corliss > Zion,36.5
west coast best coast,36.5
My Toddlers Picks,36.5
Sprinkles,36.5,1 Duke,2 Michigan State,1 Gonzaga,3 Texas Tech,1 Virginia,3 Purdue,5 Auburn,2 Kentucky,1 Duke,3 Texas Tech,3 Purdue,5 Auburn,3 Texas Tech, , 
PapaBias,36.5
Bulldogs Arf #2,36.5
Sydney's College Fund,36.5,1 Duke,2 Michigan State,1 Gonzaga,3 Texas Tech,1 Virginia,3 Purdue,5 Auburn,2 Kentucky,1 Duke,3 Texas Tech,3 Purdue,5 Auburn,3 Texas Tech, , 
qvollmert,36.5
uclakav,36.5,1 Duke,2 Michigan State,1 Gonzaga,3 Texas Tech,1 Virginia,3 Purdue,5 Auburn,2 Kentucky,1 Duke, , ,2 Kentucky, , , 
Geoffs winners,36.5
Sprague The Whisperer,36.5
Coach Kroojawoowski,36.5
Disco Pants and Haircuts,36.5
Team ODB2,36.5,1 Duke,2 Michigan State,1 Gonzaga,3 Texas Tech,1 Virginia,3 Purdue,5 Auburn,2 Kentucky,2 Michigan State,3 Texas Tech,1 Virginia,2 Kentucky,2 Michigan State,1 Virginia,2 Michigan State
cbirn,36.5,1 Duke,2 Michigan State,1 Gonzaga,3 Texas Tech,1 Virginia,3 Purdue,5 Auburn,2 Kentucky,2 Michigan State,3 Texas Tech,1 Virginia,5 Auburn,3 Texas Tech,5 Auburn,3 Texas Tech
Skinnyjam,36.5
Dat Bracket Doe,36.5
Geoff pool 2,36.5
Eric M Entry,36.5,1 Duke,2 Michigan State,1 Gonzaga,3 Texas Tech,1 Virginia,3 Purdue,5 Auburn,2 Kentucky,1 Duke,1 Gonzaga,1 Virginia,5 Auburn,1 Gonzaga,1 Virginia, 
GoDucks,36.5,1 Duke,2 Michigan State,1 Gonzaga,3 Texas Tech,1 Virginia,3 Purdue,5 Auburn,2 Kentucky,1 Duke,1 Gonzaga,1 Virginia,2 Kentucky,1 Duke,1 Virginia,1 Duke
Todd's Wife,36.5
Team ODB,36.5
YOU ARE UG-LY,36.5
augdiggity,36.5
FeelingLucky2019,36.5,1 Duke,2 Michigan State,1 Gonzaga,3 Texas Tech,1 Virginia,3 Purdue,5 Auburn,2 Kentucky,1 Duke,1 Gonzaga,1 Virginia,5 Auburn,1 Gonzaga,1 Virginia,1 Virginia
All the Fish,36.5
Sanjita Mamacita,36.5,1 Duke,2 Michigan State,1 Gonzaga,3 Texas Tech,1 Virginia,3 Purdue,5 Auburn,2 Kentucky,2 Michigan State, , ,2 Kentucky,2 Michigan State, ,2 Michigan State
The Furst,36.5
Jeff Miller,36.5
javiiiiii,36.5
BMahoney,36.5
DLee's Bracket,36.5
Feirman 3,36.5
Boom Boom Room,36.5
Uzo's Winner,36.5
Iron Lion Zion,36.5
MASNYC,36.5,1 Duke,2 Michigan State,1 Gonzaga,3 Texas Tech,1 Virginia,3 Purdue,5 Auburn,2 Kentucky, ,1 Gonzaga, , ,1 Gonzaga, , 
The Devil Wears Nada,36.5,1 Duke,2 Michigan State,1 Gonzaga,3 Texas Tech,1 Virginia,3 Purdue,5 Auburn,2 Kentucky, ,3 Texas Tech,1 Virginia,5 Auburn,3 Texas Tech,1 Virginia,1 Virginia
HailTheBison,36.5
Corner Pocket,36.5
BigJohn,36.5
Corndog,36.5
THE CUSE IS LOOSE,36.5
George Barton,36.5
Nova 2 of 3,36.5
TheStable,36.5
Abrams,36.5,1 Duke,2 Michigan State,1 Gonzaga,3 Texas Tech,1 Virginia,3 Purdue,5 Auburn,2 Kentucky,2 Michigan State, ,3 Purdue, , , , 
cuttin' down the nets,36.5,1 Duke,2 Michigan State,1 Gonzaga,3 Texas Tech,1 Virginia,3 Purdue,5 Auburn,2 Kentucky,1 Duke,3 Texas Tech,1 Virginia,2 Kentucky,1 Duke,1 Virginia,1 Virginia
DSW Sneaker Blowout,36.5,1 Duke,2 Michigan State,1 Gonzaga,3 Texas Tech,1 Virginia,3 Purdue,5 Auburn,2 Kentucky,2 Michigan State,3 Texas Tech,1 Virginia,5 Auburn,3 Texas Tech,5 Auburn,3 Texas Tech
Your Hero,36.5
Where is my money,36.5
Holden It Down.,36.5,1 Duke,2 Michigan State,1 Gonzaga,3 Texas Tech,1 Virginia,3 Purdue,5 Auburn,2 Kentucky,1 Duke,1 Gonzaga,1 Virginia,5 Auburn,1 Gonzaga,1 Virginia,1 Virginia
Feirman 1,36.5
Rui Gooey,36.5
riz1,36.5
Road to Zion,36.5
Self Defecating,36.5,1 Duke,2 Michigan State,1 Gonzaga,3 Texas Tech,1 Virginia,3 Purdue,5 Auburn,2 Kentucky,2 Michigan State, , , , , , 
Random morgy,36.5
TiGo,36.5
bos2,37,1 Duke,2 Michigan State,1 Gonzaga,3 Texas Tech,1 Virginia,3 Purdue,5 Auburn,2 Kentucky,1 Duke,1 Gonzaga,1 Virginia,5 Auburn,1 Gonzaga,5 Auburn,5 Auburn
Beilein Or Bust,37,1 Duke,2 Michigan State,1 Gonzaga,3 Texas Tech,1 Virginia,3 Purdue,5 Auburn,2 Kentucky,1 Duke,3 Texas Tech,3 Purdue,2 Kentucky,3 Texas Tech,2 Kentucky, 
What the Hell,37,1 Duke,2 Michigan State,1 Gonzaga,3 Texas Tech,1 Virginia,3 Purdue,5 Auburn,2 Kentucky,1 Duke,1 Gonzaga,1 Virginia,2 Kentucky,1 Duke,2 Kentucky,2 Kentucky
Shez1,37,1 Duke,2 Michigan State,1 Gonzaga,3 Texas Tech,1 Virginia,3 Purdue,5 Auburn,2 Kentucky, , ,1 Virginia, , , , 
Feirman 2,37
Sara wins!,37
PlayingBlind,37
Zion National Park,37,1 Duke,2 Michigan State,1 Gonzaga,3 Texas Tech,1 Virginia,3 Purdue,5 Auburn,2 Kentucky,1 Duke,1 Gonzaga,1 Virginia,5 Auburn,1 Duke,5 Auburn,5 Auburn
ThisonesforPnut,37
bos1,37
MiamiGotFucked,37
Banana,37,1 Duke,2 Michigan State,1 Gonzaga,3 Texas Tech,1 Virginia,3 Purdue,5 Auburn,2 Kentucky,1 Duke,1 Gonzaga,1 Virginia,5 Auburn,1 Gonzaga,5 Auburn,5 Auburn
Larry's bracket,37
Kyle Wall,37,1 Duke,2 Michigan State,1 Gonzaga,3 Texas Tech,1 Virginia,3 Purdue,5 Auburn,2 Kentucky,2 Michigan State,3 Texas Tech,3 Purdue,2 Kentucky,2 Michigan State,3 Purdue,3 Purdue
KathDog,37
Larry G,37,1 Duke,2 Michigan State,1 Gonzaga,3 Texas Tech,1 Virginia,3 Purdue,5 Auburn,2 Kentucky,2 Michigan State,3 Texas Tech,1 Virginia,2 Kentucky, ,1 Virginia,1 Virginia
I think I'm dying here,37,1 Duke,2 Michigan State,1 Gonzaga,3 Texas Tech,1 Virginia,3 Purdue,5 Auburn,2 Kentucky,1 Duke,1 Gonzaga,1 Virginia,2 Kentucky,1 Duke,2 Kentucky,2 Kentucky
Mrs.bos'bracket,37,1 Duke,2 Michigan State,1 Gonzaga,3 Texas Tech,1 Virginia,3 Purdue,5 Auburn,2 Kentucky,2 Michigan State,1 Gonzaga,1 Virginia,2 Kentucky,1 Gonzaga,2 Kentucky,1 Gonzaga
Not a Bracket,37
Three Orange Whips,37,1 Duke,2 Michigan State,1 Gonzaga,3 Texas Tech,1 Virginia,3 Purdue,5 Auburn,2 Kentucky,1 Duke,1 Gonzaga,1 Virginia,2 Kentucky,1 Gonzaga,2 Kentucky,1 Gonzaga
Operation Varsity Blues,37,1 Duke,2 Michigan State,1 Gonzaga,3 Texas Tech,1 Virginia,3 Purdue,5 Auburn,2 Kentucky,2 Michigan State,1 Gonzaga,1 Virginia,5 Auburn,1 Gonzaga,1 Virginia,1 Gonzaga
NotAWinner,37,1 Duke,2 Michigan State,1 Gonzaga,3 Texas Tech,1 Virginia,3 Purdue,5 Auburn,2 Kentucky,2 Michigan State,3 Texas Tech,3 Purdue,5 Auburn,3 Texas Tech,3 Purdue,3 Texas Tech
Anna E.,37
2PEAT,37
Brexitball,37
BuyUsAWinner,37,1 Duke,2 Michigan State,1 Gonzaga,3 Texas Tech,1 Virginia,3 Purdue,5 Auburn,2 Kentucky,2 Michigan State,1 Gonzaga,3 Purdue,5 Auburn,2 Michigan State,3 Purdue,2 Michigan State
This Year Though...,37,1 Duke,2 Michigan State,1 Gonzaga,3 Texas Tech,1 Virginia,3 Purdue,5 Auburn,2 Kentucky,2 Michigan State,1 Gonzaga,1 Virginia, ,2 Michigan State,1 Virginia, 
wrinkled balls,37
Red Raider Quaker,37
Bet They Got S.C.M.O.D.S.,37
Bulldogs Arf 1,37
Tim Apple,37
LETS GO BU!,37
Danielle Iserlis,37,1 Duke,2 Michigan State,1 Gonzaga,3 Texas Tech,1 Virginia,3 Purdue,5 Auburn,2 Kentucky,1 Duke,1 Gonzaga,1 Virginia,5 Auburn,1 Gonzaga,5 Auburn,5 Auburn
Go SUNY Tech,37,1 Duke,2 Michigan State,1 Gonzaga,3 Texas Tech,1 Virginia,3 Purdue,5 Auburn,2 Kentucky,2 Michigan State,3 Texas Tech,3 Purdue,5 Auburn,2 Michigan State,3 Purdue,2 Michigan State
Ckillar1,37
Gimme the loot,37
gsuss,37
My Bracket Sucks,37
DLee's Wife's Mount Zion,37,1 Duke,2 Michigan State,1 Gonzaga,3 Texas Tech,1 Virginia,3 Purdue,5 Auburn,2 Kentucky,1 Duke,3 Texas Tech, , ,1 Duke, ,1 Duke
Julie M,37,1 Duke,2 Michigan State,1 Gonzaga,3 Texas Tech,1 Virginia,3 Purdue,5 Auburn,2 Kentucky,2 Michigan State,1 Gonzaga,3 Purdue,2 Kentucky,1 Gonzaga,3 Purdue,3 Purdue
Dan G.,37,1 Duke,2 Michigan State,1 Gonzaga,3 Texas Tech,1 Virginia,3 Purdue,5 Auburn,2 Kentucky,2 Michigan State,3 Texas Tech,3 Purdue,2 Kentucky,2 Michigan State,3 Purdue,3 Purdue
AS1's Pool,37
Gene's Picks,37,1 Duke,2 Michigan State,1 Gonzaga,3 Texas Tech,1 Virginia,3 Purdue,5 Auburn,2 Kentucky,1 Duke,1 Gonzaga,3 Purdue,2 Kentucky,1 Gonzaga,3 Purdue,1 Gonzaga
Yogi Bear,37,1 Duke,2 Michigan State,1 Gonzaga,3 Texas Tech,1 Virginia,3 Purdue,5 Auburn,2 Kentucky,1 Duke,1 Gonzaga,1 Virginia,2 Kentucky,1 Duke,2 Kentucky,2 Kentucky
Shez 2,37
Corliss > Zion,37
west coast best coast,37,1 Duke,2 Michigan State,1 Gonzaga,3 Texas Tech,1 Virginia,3 Purdue,5 Auburn,2 Kentucky,2 Michigan State, ,3 Purdue,2 Kentucky,2 Michigan State, , 
My Toddlers Picks,37,1 Duke,2 Michigan State,1 Gonzaga,3 Texas Tech,1 Virginia,3 Purdue,5 Auburn,2 Kentucky,1 Duke,1 Gonzaga,1 Virginia,2 Kentucky,1 Gonzaga,1 Virginia,1 Gonzaga
Sprinkles,37
PapaBias,37
Bulldogs Arf #2,37
Sydney's College Fund,37,1 Duke,2 Michigan State,1 Gonzaga,3 Texas Tech,1 Virginia,3 Purdue,5 Auburn,2 Kentucky,1 Duke,1 Gonzaga,3 Purdue,5 Auburn,1 Gonzaga, , 
qvollmert,37,1 Duke,2 Michigan State,1 Gonzaga,3 Texas Tech,1 Virginia,3 Purdue,5 Auburn,2 Kentucky,1 Duke,1 Gonzaga,3 Purdue,2 Kentucky,1 Gonzaga,2 Kentucky,2 Kentucky
uclakav,37,1 Duke,2 Michigan State,1 Gonzaga,3 Texas Tech,1 Virginia,3 Purdue,5 Auburn,2 Kentucky,1 Duke,3 Texas Tech, ,2 Kentucky, ,2 Kentucky, 
Geoffs winners,37
Sprague The Whisperer,37,1 Duke,2 Michigan State,1 Gonzaga,3 Texas Tech,1 Virginia,3 Purdue,5 Auburn,2 Kentucky,1 Duke,3 Texas Tech,3 Purdue,5 Auburn,1 Duke, ,1 Duke
Coach Kroojawoowski,37,1 Duke,2 Michigan State,1 Gonzaga,3 Texas Tech,1 Virginia,3 Purdue,5 Auburn,2 Kentucky,1 Duke,1 Gonzaga,1 Virginia,5 Auburn,1 Duke,1 Virginia,1 Virginia
Disco Pants and Haircuts,37,1 Duke,2 Michigan State,1 Gonzaga,3 Texas Tech,1 Virginia,3 Purdue,5 Auburn,2 Kentucky,2 Michigan State,1 Gonzaga,3 Purdue,2 Kentucky,2 Michigan State,3 Purdue,3 Purdue
Team ODB2,37
cbirn,37,1 Duke,2 Michigan State,1 Gonzaga,3 Texas Tech,1 Virginia,3 Purdue,5 Auburn,2 Kentucky,1 Duke,1 Gonzaga,3 Purdue,5 Auburn,1 Duke,5 Auburn,5 Auburn
Skinnyjam,37,1 Duke,2 Michigan State,1 Gonzaga,3 Texas Tech,1 Virginia,3 Purdue,5 Auburn,2 Kentucky,2 Michigan State,3 Texas Tech,1 Virginia,2 Kentucky, , , 
Dat Bracket Doe,37,1 Duke,2 Michigan State,1 Gonzaga,3 Texas Tech,1 Virginia,3 Purdue,5 Auburn,2 Kentucky,1 Duke, , ,5 Auburn,1 Duke,5 Auburn,5 Auburn
Geoff pool 2,37
Eric M Entry,37,1 Duke,2 Michigan State,1 Gonzaga,3 Texas Tech,1 Virginia,3 Purdue,5 Auburn,2 Kentucky, , ,3 Purdue,2 Kentucky, ,3 Purdue,3 Purdue
GoDucks,37
Todd's Wife,37
Team ODB,37
YOU ARE UG-LY,37
augdiggity,37,1 Duke,2 Michigan State,1 Gonzaga,3 Texas Tech,1 Virginia,3 Purdue,5 Auburn,2 Kentucky,2 Michigan State,1 Gonzaga,3 Purdue,2 Kentucky,1 Gonzaga,2 Kentucky,1 Gonzaga
FeelingLucky2019,37
All the Fish,37,1 Duke,2 Michigan State,1 Gonzaga,3 Texas Tech,1 Virginia,3 Purdue,5 Auburn,2 Kentucky,1 Duke,1 Gonzaga,1 Virginia,2 Kentucky,1 Duke,1 Virginia,1 Virginia
Sanjita Mamacita,37,1 Duke,2 Michigan State,1 Gonzaga,3 Texas Tech,1 Virginia,3 Purdue,5 Auburn,2 Kentucky, ,1 Gonzaga,3 Purdue,5 Auburn,1 Gonzaga, , 
The Furst,37,1 Duke,2 Michigan State,1 Gonzaga,3 Texas Tech,1 Virginia,3 Purdue,5 Auburn,2 Kentucky,2 Michigan State,1 Gonzaga,1 Virginia,2 Kentucky,1 Gonzaga,1 Virginia,1 Virginia
Jeff Miller,37
javiiiiii,37
BMahoney,37
DLee's Bracket,37
Feirman 3,37
Boom Boom Room,37
Uzo's Winner,37
Iron Lion Zion,37
MASNYC,37
The Devil Wears Nada,37,1 Duke,2 Michigan State,1 Gonzaga,3 Texas Tech,1 Virginia,3 Purdue,5 Auburn,2 Kentucky,2 Michigan State,1 Gonzaga,1 Virginia,5 Auburn,2 Michigan State,5 Auburn,2 Michigan State
HailTheBison,37
Corner Pocket,37
BigJohn,37
Corndog,37
THE CUSE IS LOOSE,37,1 Duke,2 Michigan State,1 Gonzaga,3 Texas Tech,1 Virginia,3 Purdue,5 Auburn,2 Kentucky,1 Duke, ,3 Purdue,2 Kentucky,1 Duke,3 Purdue,1 Duke
George Barton,37,1 Duke,2 Michigan State,1 Gonzaga,3 Texas Tech,1 Virginia,3 Purdue,5 Auburn,2 Kentucky, , , , , , , 
Nova 2 of 3,37
TheStable,37
Abrams,37,1 Duke,2 Michigan State,1 Gonzaga,3 Texas Tech,1 Virginia,3 Purdue,5 Auburn,2 Kentucky, , , ,2 Kentucky, , , 
cuttin' down the nets,37,1 Duke,2 Michigan State,1 Gonzaga,3 Texas Tech,1 Virginia,3 Purdue,5 Auburn,2 Kentucky,1 Duke,3 Texas Tech,3 Purdue,2 Kentucky,1 Duke,2 Kentucky,1 Duke
DSW Sneaker Blowout,37,1 Duke,2 Michigan State,1 Gonzaga,3 Texas Tech,1 Virginia,3 Purdue,5 Auburn,2 Kentucky,2 Michigan State,3 Texas Tech,3 Purdue,2 Kentucky,2 Michigan State,3 Purdue,2 Michigan State
Your Hero,37,1 Duke,2 Michigan State,1 Gonzaga,3 Texas Tech,1 Virginia,3 Purdue,5 Auburn,2 Kentucky,1 Duke,1 Gonzaga, , ,1 Duke, , 
Where is my money,37,1 Duke,2 Michigan State,1 Gonzaga,3 Texas Tech,1 Virginia,3 Purdue,5 Auburn,2 Kentucky,1 Duke,3 Texas Tech,1 Virginia,2 Kentucky,1 Duke,2 Kentucky,1 Duke
Holden It Down.,37
Feirman 1,37
Rui Gooey,37
riz1,37
Road to Zion,37,1 Duke,2 Michigan State,1 Gonzaga,3 Texas Tech,1 Virginia,3 Purdue,5 Auburn,2 Kentucky,2 Michigan State,1 Gonzaga,3 Purdue,5 Auburn,1 Gonzaga, ,1 Gonzaga
Self Defecating,37
Random morgy,37
TiGo,37
bos2,37.5,1 Duke,2 Michigan State,1 Gonzaga,3 Texas Tech,1 Virginia,3 Purdue,5 Auburn,2 Kentucky,1 Duke,3 Texas Tech,1 Virginia,2 Kentucky,1 Duke,1 Virginia,1 Duke
Beilein Or Bust,37.5
What the Hell,37.5,1 Duke,2 Michigan State,1 Gonzaga,3 Texas Tech,1 Virginia,3 Purdue,5 Auburn,2 Kentucky,1 Duke,3 Texas Tech,1 Virginia,2 Kentucky,1 Duke,1 Virginia,1 Duke
Shez1,37.5
Feirman 2,37.5
Sara wins!,37.5,1 Duke,2 Michigan State,1 Gonzaga,3 Texas Tech,1 Virginia,3 Purdue,5 Auburn,2 Kentucky,1 Duke,1 Gonzaga, ,2 Kentucky,1 Gonzaga, , 
PlayingBlind,37.5
Zion National Park,37.5
ThisonesforPnut,37.5
bos1,37.5
MiamiGotFucked,37.5
Banana,37.5
Larry's bracket,37.5
Kyle Wall,37.5
KathDog,37.5
Larry G,37.5,1 Duke,2 Michigan State,1 Gonzaga,3 Texas Tech,1 Virginia,3 Purdue,5 Auburn,2 Kentucky,2 Michigan State,3 Texas Tech,3 Purdue,5 Auburn,2 Michigan State, , 
I think I'm dying here,37.5
Mrs.bos'bracket,37.5
Not a Bracket,37.5,1 Duke,2 Michigan State,1 Gonzaga,3 Texas Tech,1 Virginia,3 Purdue,5 Auburn,2 Kentucky,1 Duke,3 Texas Tech,1 Virginia,2 Kentucky,3 Texas Tech,1 Virginia,3 Texas Tech
Three Orange Whips,37.5
Operation Varsity Blues,37.5
NotAWinner,37.5
Anna E.,37.5
2PEAT,37.5
Brexitball,37.5,1 Duke,2 Michigan State,1 Gonzaga,3 Texas Tech,1 Virginia,3 Purdue,5 Auburn,2 Kentucky,2 Michigan State, ,1 Virginia, , ,1 Virginia, 
BuyUsAWinner,37.5
This Year Though...,37.5,1 Duke,2 Michigan State,1 Gonzaga,3 Texas Tech,1 Virginia,3 Purdue,5 Auburn,2 Kentucky,2 Michigan State,1 Gonzaga,1 Virginia,5 Auburn,1 Gonzaga,5 Auburn,5 Auburn
wrinkled balls,37.5
Red Raider Quaker,37.5
Bet They Got S.C.M.O.D.S.,37.5
Bulldogs Arf 1,37.5,1 Duke,2 Michigan State,1 Gonzaga,3 Texas Tech,1 Virginia,3 Purdue,5 Auburn,2 Kentucky,1 Duke, , , ,1 Duke, , 
Tim Apple,37.5
LETS GO BU!,37.5,1 Duke,2 Michigan State,1 Gonzaga,3 Texas Tech,1 Virginia,3 Purdue,5 Auburn,2 Kentucky,2 Michigan State,1 Gonzaga,1 Virginia,5 Auburn,1 Gonzaga,5 Auburn,1 Gonzaga
Danielle Iserlis,37.5
Go SUNY Tech,37.5
Ckillar1,37.5,1 Duke,2 Michigan State,1 Gonzaga,3 Texas Tech,1 Virginia,3 Purdue,5 Auburn,2 Kentucky,2 Michigan State,3 Texas Tech,1 Virginia,5 Auburn,3 Texas Tech,5 Auburn,5 Auburn
Gimme the loot,37.5
gsuss,37.5
My Bracket Sucks,37.5,1 Duke,2 Michigan State,1 Gonzaga,3 Texas Tech,1 Virginia,3 Purdue,5 Auburn,2 Kentucky,2 Michigan State,1 Gonzaga,1 Virginia,5 Auburn,1 Gonzaga,5 Auburn,5 Auburn
DLee's Wife's Mount Zion,37.5
Julie M,37.5
Dan G.,37.5,1 Duke,2 Michigan State,1 Gonzaga,3 Texas Tech,1 Virginia,3 Purdue,5 Auburn,2 Kentucky,1 Duke,3 Texas Tech,1 Virginia,5 Auburn,1 Duke,1 Virginia,1 Virginia
AS1's Pool,37.5,1 Duke,2 Michigan State,1 Gonzaga,3 Texas Tech,1 Virginia,3 Purdue,5 Auburn,2 Kentucky,2 Michigan State,3 Texas Tech, , , , , 
Gene's Picks,37.5,1 Duke,2 Michigan State,1 Gonzaga,3 Texas Tech,1 Virginia,3 Purdue,5 Auburn,2 Kentucky,2 Michigan State,1 Gonzaga,3 Purdue,5 Auburn,2 Michigan State, , 
Yogi Bear,37.5,1 Duke,2 Michigan State,1 Gonzaga,3 Texas Tech,1 Virginia,3 Purdue,5 Auburn,2 Kentucky,2 Michigan State,3 Texas Tech,3 Purdue,5 Auburn,2 Michigan State, , 
Shez 2,37.5,1 Duke,2 Michigan State,1 Gonzaga,3 Texas Tech,1 Virginia,3 Purdue,5 Auburn,2 Kentucky,2 Michigan State,3 Texas Tech,3 Purdue,2 Kentucky, ,2 Kentucky, 
Corliss > Zion,37.5
west coast best coast,37.5
My Toddlers Picks,37.5
Sprinkles,37.5,1 Duke,2 Michigan State,1 Gonzaga,3 Texas Tech,1 Virginia,3 Purdue,5 Auburn,2 Kentucky,1 Duke,3 Texas Tech,3 Purdue,5 Auburn,3 Texas Tech,3 Purdue,3 Texas Tech
PapaBias,37.5
Bulldogs Arf #2,37.5,1 Duke,2 Michigan State,1 Gonzaga,3 Texas Tech,1 Virginia,3 Purdue,5 Auburn,2 Kentucky,1 Duke, , , ,1 Duke, , 
Sydney's College Fund,37.5,1 Duke,2 Michigan State,1 Gonzaga,3 Texas Tech,1 Virginia,3 Purdue,5 Auburn,2 Kentucky,1 Duke,3 Texas Tech,3 Purdue,5 Auburn,3 Texas Tech,3 Purdue,3 Texas Tech
qvollmert,37.5
uclakav,37.5,1 Duke,2 Michigan State,1 Gonzaga,3 Texas Tech,1 Virginia,3 Purdue,5 Auburn,2 Kentucky,2 Michigan State,3 Texas Tech,1 Virginia,5 Auburn,2 Michigan State,5 Auburn,2 Michigan State
Geoffs winners,37.5
Sprague The Whisperer,37.5,1 Duke,2 Michigan State,1 Gonzaga,3 Texas Tech,1 Virginia,3 Purdue,5 Auburn,2 Kentucky,1 Duke, , ,5 Auburn,1 Duke, ,1 Duke
Coach Kroojawoowski,37.5,1 Duke,2 Michigan State,1 Gonzaga,3 Texas Tech,1 Virginia,3 Purdue,5 Auburn,2 Kentucky,1 Duke,3 Texas Tech, , ,1 Duke, , 
Disco Pants and Haircuts,37.5
Team ODB2,37.5,1 Duke,2 Michigan State,1 Gonzaga,3 Texas Tech,1 Virginia,3 Purdue,5 Auburn,2 Kentucky,1 Duke,3 Texas Tech,1 Virginia,2 Kentucky,3 Texas Tech,1 Virginia,1 Virginia
cbirn,37.5,1 Duke,2 Michigan State,1 Gonzaga,3 Texas Tech,1 Virginia,3 Purdue,5 Auburn,2 Kentucky,2 Michigan State,3 Texas Tech,1 Virginia,5 Auburn,2 Michigan State,5 Auburn,5 Auburn
Skinnyjam,37.5,1 Duke,2 Michigan State,1 Gonzaga,3 Texas Tech,1 Virginia,3 Purdue,5 Auburn,2 Kentucky,1 Duke,1 Gonzaga,3 Purdue,2 Kentucky,1 Duke,2 Kentucky,2 Kentucky
Dat Bracket Doe,37.5
Geoff pool 2,37.5
Eric M Entry,37.5,1 Duke,2 Michigan State,1 Gonzaga,3 Texas Tech,1 Virginia,3 Purdue,5 Auburn,2 Kentucky,2 Michigan State,1 Gonzaga,1 Virginia,2 Kentucky,1 Gonzaga,1 Virginia,1 Gonzaga
GoDucks,37.5,1 Duke,2 Michigan State,1 Gonzaga,3 Texas Tech,1 Virginia,3 Purdue,5 Auburn,2 Kentucky,2 Michigan State,3 Texas Tech,1 Virginia,5 Auburn,3 Texas Tech,5 Auburn,5 Auburn
Todd's Wife,37.5
Team ODB,37.5
YOU ARE UG-LY,37.5,1 Duke,2 Michigan State,1 Gonzaga,3 Texas Tech,1 Virginia,3 Purdue,5 Auburn,2 Kentucky,1 Duke, , ,5 Auburn,1 Duke, ,1 Duke
augdiggity,37.5
FeelingLucky2019,37.5
All the Fish,37.5,1 Duke,2 Michigan State,1 Gonzaga,3 Texas Tech,1 Virginia,3 Purdue,5 Auburn,2 Kentucky,1 Duke, , , ,1 Duke, , 
Sanjita Mamacita,37.5,1 Duke,2 Michigan State,1 Gonzaga,3 Texas Tech,1 Virginia,3 Purdue,5 Auburn,2 Kentucky, ,3 Texas Tech,1 Virginia,2 Kentucky, , , 
The Furst,37.5
Jeff Miller,37.5,1 Duke,2 Michigan State,1 Gonzaga,3 Texas Tech,1 Virginia,3 Purdue,5 Auburn,2 Kentucky,2 Michigan State,3 Texas Tech,1 Virginia,5 Auburn,2 Michigan State,5 Auburn,2 Michigan State
javiiiiii,37.5
BMahoney,37.5
DLee's Bracket,37.5
Feirman 3,37.5,1 Duke,2 Michigan State,1 Gonzaga,3 Texas Tech,1 Virginia,3 Purdue,5 Auburn,2 Kentucky,1 Duke,3 Texas Tech,1 Virginia,5 Auburn,1 Duke,1 Virginia,1 Virginia
Boom Boom Room,37.5
Uzo's Winner,37.5
Iron Lion Zion,37.5
MASNYC,37.5,1 Duke,2 Michigan State,1 Gonzaga,3 Texas Tech,1 Virginia,3 Purdue,5 Auburn,2 Kentucky, , ,1 Virginia, , , , 
The Devil Wears Nada,37.5,1 Duke,2 Michigan State,1 Gonzaga,3 Texas Tech,1 Virginia,3 Purdue,5 Auburn,2 Kentucky,1 Duke,1 Gonzaga,3 Purdue,2 Kentucky,1 Duke,3 Purdue,3 Purdue
HailTheBison,37.5
Corner Pocket,37.5,1 Duke,2 Michigan State,1 Gonzaga,3 Texas Tech,1 Virginia,3 Purdue,5 Auburn,2 Kentucky,1 Duke,1 Gonzaga,3 Purdue,2 Kentucky,1 Duke,3 Purdue,3 Purdue
BigJohn,37.5
Corndog,37.5
THE CUSE IS LOOSE,37.5
George Barton,37.5
Nova 2 of 3,37.5
TheStable,37.5
Abrams,37.5,1 Duke,2 Michigan State,1 Gonzaga,3 Texas Tech,1 Virginia,3 Purdue,5 Auburn,2 Kentucky,2 Michigan State,1 Gonzaga,3 Purdue,5 Auburn,2 Michigan State, , 
cuttin' down the nets,37.5
DSW Sneaker Blowout,37.5,1 Duke,2 Michigan State,1 Gonzaga,3 Texas Tech,1 Virginia,3 Purdue,5 Auburn,2 Kentucky,2 Michigan State,3 Texas Tech, , , , , 
Your Hero,37.5,1 Duke,2 Michigan State,1 Gonzaga,3 Texas Tech,1 Virginia,3 Purdue,5 Auburn,2 Kentucky,2 Michigan State,3 Texas Tech,1 Virginia,5 Auburn,3 Texas Tech,1 Virginia,3 Texas Tech
Where is my money,37.5
Holden It Down.,37.5
Feirman 1,37.5
Rui Gooey,37.5
riz1,37.5
Road to Zion,37.5
Self Defecating,37.5,1 Duke,2 Michigan State,1 Gonzaga,3 Texas Tech,1 Virginia,3 Purdue,5 Auburn,2 Kentucky, , ,3 Purdue, , , , 
Random morgy,37.5
TiGo,37.5
bos2,38
Beilein Or Bust,38
What the Hell,38
Shez1,38,1 Duke,2 Michigan State,1 Gonzaga,3 Texas Tech,1 Virginia,3 Purdue,5 Auburn,2 Kentucky, , , , , , , 
Feirman 2,38
Sara wins!,38
PlayingBlind,38
Zion National Park,38
ThisonesforPnut,38
bos1,38,1 Duke,2 Michigan State,1 Gonzaga,3 Texas Tech,1 Virginia,3 Purdue,5 Auburn,2 Kentucky,1 Duke,3 Texas Tech,3 Purdue,2 Kentucky,1 Duke,2 Kentucky,2 Kentucky
MiamiGotFucked,38
Banana,38
Larry's bracket,38
Kyle Wall,38
KathDog,38
Larry G,38,1 Duke,2 Michigan State,1 Gonzaga,3 Texas Tech,1 Virginia,3 Purdue,5 Auburn,2 Kentucky, ,1 Gonzaga, ,2 Kentucky, , , 
I think I'm dying here,38
Mrs.bos'bracket,38,1 Duke,2 Michigan State,1 Gonzaga,3 Texas Tech,1 Virginia,3 Purdue,5 Auburn,2 Kentucky,1 Duke,1 Gonzaga,3 Purdue,2 Kentucky,1 Gonzaga,2 Kentucky,1 Gonzaga
Not a Bracket,38
Three Orange Whips,38,1 Duke,2 Michigan State,1 Gonzaga,3 Texas Tech,1 Virginia,3 Purdue,5 Auburn,2 Kentucky, , ,1 Virginia, , , , 
Operation Varsity Blues,38
NotAWinner,38,1 Duke,2 Michigan State,1 Gonzaga,3 Texas Tech,1 Virginia,3 Purdue,5 Auburn,2 Kentucky,2 Michigan State,3 Texas Tech,1 Virginia,2 Kentucky,3 Texas Tech,1 Virginia,1 Virginia
Anna E.,38
2PEAT,38
Brexitball,38
BuyUsAWinner,38,1 Duke,2 Michigan State,1 Gonzaga,3 Texas Tech,1 Virginia,3 Purdue,5 Auburn,2 Kentucky,2 Michigan State,1 Gonzaga,3 Purdue,2 Kentucky,1 Gonzaga,2 Kentucky,2 Kentucky
This Year Though...,38,1 Duke,2 Michigan State,1 Gonzaga,3 Texas Tech,1 Virginia,3 Purdue,5 Auburn,2 Kentucky, ,1 Gonzaga,1 Virginia, , , , 
wrinkled balls,38
Red Raider Quaker,38
Bet They Got S.C.M.O.D.S.,38
Bulldogs Arf 1,38
Tim Apple,38,1 Duke,2 Michigan State,1 Gonzaga,3 Texas Tech,1 Virginia,3 Purdue,5 Auburn,2 Kentucky,2 Michigan State,3 Texas Tech,1 Virginia,5 Auburn,2 Michigan State,1 Virginia,1 Virginia
LETS GO BU!,38
Danielle Iserlis,38
Go SUNY Tech,38
Ckillar1,38
Gimme the loot,38
gsuss,38
My Bracket Sucks,38
DLee's Wife's Mount Zion,38,1 Duke,2 Michigan State,1 Gonzaga,3 Texas Tech,1 Virginia,3 Purdue,5 Auburn,2 Kentucky,1 Duke,3 Texas Tech,1 Virginia,2 Kentucky,1 Duke,2 Kentucky,1 Duke
Julie M,38
Dan G.,38,1 Duke,2 Michigan State,1 Gonzaga,3 Texas Tech,1 Virginia,3 Purdue,5 Auburn,2 Kentucky, ,1 Gonzaga, , , , , 
AS1's Pool,38
Gene's Picks,38,1 Duke,2 Michigan State,1 Gonzaga,3 Texas Tech,1 Virginia,3 Purdue,5 Auburn,2 Kentucky,1 Duke,1 Gonzaga,1 Virginia,5 Auburn,1 Duke,5 Auburn,1 Duke
Yogi Bear,38,1 Duke,2 Michigan State,1 Gonzaga,3 Texas Tech,1 Virginia,3 Purdue,5 Auburn,2 Kentucky,2 Michigan State,3 Texas Tech,3 Purdue,2 Kentucky,3 Texas Tech,3 Purdue, 
Shez 2,38,1 Duke,2 Michigan State,1 Gonzaga,3 Texas Tech,1 Virginia,3 Purdue,5 Auburn,2 Kentucky,2 Michigan State,1 Gonzaga,3 Purdue,2 Kentucky,1 Gonzaga,2 Kentucky,2 Kentucky
Corliss > Zion,38
west coast best coast,38,1 Duke,2 Michigan State,1 Gonzaga,3 Texas Tech,1 Virginia,3 Purdue,5 Auburn,2 Kentucky, ,1 Gonzaga, , , , , 
My Toddlers Picks,38,1 Duke,2 Michigan State,1 Gonzaga,3 Texas Tech,1 Virginia,3 Purdue,5 Auburn,2 Kentucky,2 Michigan State,1 Gonzaga,1 Virginia,2 Kentucky,2 Michigan State,2 Kentucky,2 Kentucky
Sprinkles,38
PapaBias,38
Bulldogs Arf #2,38
Sydney's College Fund,38
qvollmert,38,1 Duke,2 Michigan State,1 Gonzaga,3 Texas Tech,1 Virginia,3 Purdue,5 Auburn,2 Kentucky,1 Duke,3 Texas Tech,1 Virginia,5 Auburn,3 Texas Tech,5 Auburn,5 Auburn
uclakav,38,1 Duke,2 Michigan State,1 Gonzaga,3 Texas Tech,1 Virginia,3 Purdue,5 Auburn,2 Kentucky,1 Duke,3 Texas Tech,1 Virginia,5 Auburn,3 Texas Tech,1 Virginia,3 Texas Tech
Geoffs winners,38,1 Duke,2 Michigan State,1 Gonzaga,3 Texas Tech,1 Virginia,3 Purdue,5 Auburn,2 Kentucky,1 Duke,1 Gonzaga,1 Virginia,5 Auburn,1 Duke,5 Auburn,1 Duke
Sprague The Whisperer,38
Coach Kroojawoowski,38,1 Duke,2 Michigan State,1 Gonzaga,3 Texas Tech,1 Virginia,3 Purdue,5 Auburn,2 Kentucky,1 Duke,1 Gonzaga,3 Purdue,2 Kentucky,1 Duke,3 Purdue,1 Duke
Disco Pants and Haircuts,38,1 Duke,2 Michigan State,1 Gonzaga,3 Texas Tech,1 Virginia,3 Purdue,5 Auburn,2 Kentucky,2 Michigan State, ,3 Purdue, , , , 
Team ODB2,38
cbirn,38,1 Duke,2 Michigan State,1 Gonzaga,3 Texas Tech,1 Virginia,3 Purdue,5 Auburn,2 Kentucky,1 Duke, , , , , , 
Skinnyjam,38,1 Duke,2 Michigan State,1 Gonzaga,3 Texas Tech,1 Virginia,3 Purdue,5 Auburn,2 Kentucky, , ,1 Virginia, , , , 
Dat Bracket Doe,38,1 Duke,2 Michigan State,1 Gonzaga,3 Texas Tech,1 Virginia,3 Purdue,5 Auburn,2 Kentucky,1 Duke, ,3 Purdue,5 Auburn, , , 
Geoff pool 2,38
Eric M Entry,38,1 Duke,2 Michigan State,1 Gonzaga,3 Texas Tech,1 Virginia,3 Purdue,5 Auburn,2 Kentucky, , ,3 Purdue,2 Kentucky, , , 
GoDucks,38,1 Duke,2 Michigan State,1 Gonzaga,3 Texas Tech,1 Virginia,3 Purdue,5 Auburn,2 Kentucky, , , , , , , 
Todd's Wife,38
Team ODB,38
YOU ARE UG-LY,38
augdiggity,38
FeelingLucky2019,38
All the Fish,38,1 Duke,2 Michigan State,1 Gonzaga,3 Texas Tech,1 Virginia,3 Purdue,5 Auburn,2 Kentucky,2 Michigan State,1 Gonzaga,1 Virginia,5 Auburn,2 Michigan State,5 Auburn,2 Michigan State
Sanjita Mamacita,38,1 Duke,2 Michigan State,1 Gonzaga,3 Texas Tech,1 Virginia,3 Purdue,5 Auburn,2 Kentucky, ,1 Gonzaga, , , , , 
The Furst,38
Jeff Miller,38,1 Duke,2 Michigan State,1 Gonzaga,3 Texas Tech,1 Virginia,3 Purdue,5 Auburn,2 Kentucky,1 Duke,1 Gonzaga,3 Purdue,5 Auburn,1 Gonzaga, , 
javiiiiii,38
BMahoney,38,1 Duke,2 Michigan State,1 Gonzaga,3 Texas Tech,1 Virginia,3 Purdue,5 Auburn,2 Kentucky,1 Duke,3 Texas Tech,3 Purdue,5 Auburn,1 Duke, ,1 Duke
DLee's Bracket,38,1 Duke,2 Michigan State,1 Gonzaga,3 Texas Tech,1 Virginia,3 Purdue,5 Auburn,2 Kentucky,1 Duke,1 Gonzaga,1 Virginia,2 Kentucky,1 Duke,2 Kentucky,1 Duke
Feirman 3,38
Boom Boom Room,38,1 Duke,2 Michigan State,1 Gonzaga,3 Texas Tech,1 Virginia,3 Purdue,5 Auburn,2 Kentucky,2 Michigan State,1 Gonzaga,3 Purdue,2 Kentucky,1 Gonzaga,2 Kentucky,1 Gonzaga
Uzo's Winner,38,1 Duke,2 Michigan State,1 Gonzaga,3 Texas Tech,1 Virginia,3 Purdue,5 Auburn,2 Kentucky,2 Michigan State,1 Gonzaga,1 Virginia,5 Auburn,2 Michigan State,1 Virginia,2 Michigan State
Iron Lion Zion,38
MASNYC,38,1 Duke,2 Michigan State,1 Gonzaga,3 Texas Tech,1 Virginia,3 Purdue,5 Auburn,2 Kentucky, ,3 Texas Tech, , , , , 
The Devil Wears Nada,38,1 Duke,2 Michigan State,1 Gonzaga,3 Texas Tech,1 Virginia,3 Purdue,5 Auburn,2 Kentucky, , , ,5 Auburn, , , 
HailTheBison,38
Corner Pocket,38
BigJohn,38
Corndog,38
THE CUSE IS LOOSE,38,1 Duke,2 Michigan State,1 Gonzaga,3 Texas Tech,1 Virginia,3 Purdue,5 Auburn,2 Kentucky,1 Duke,3 Texas Tech,1 Virginia,5 Auburn,1 Duke,1 Virginia,1 Duke
George Barton,38
Nova 2 of 3,38,1 Duke,2 Michigan State,1 Gonzaga,3 Texas Tech,1 Virginia,3 Purdue,5 Auburn,2 Kentucky,1 Duke,3 Texas Tech,3 Purdue,2 Kentucky,1 Duke,2 Kentucky,2 Kentucky
TheStable,38
Abrams,38,1 Duke,2 Michigan State,1 Gonzaga,3 Texas Tech,1 Virginia,3 Purdue,5 Auburn,2 Kentucky,1 Duke,3 Texas Tech,1 Virginia,5 Auburn,1 Duke,5 Auburn,5 Auburn
cuttin' down the nets,38
DSW Sneaker Blowout,38,1 Duke,2 Michigan State,1 Gonzaga,3 Texas Tech,1 Virginia,3 Purdue,5 Auburn,2 Kentucky,1 Duke,3 Texas Tech,3 Purdue,5 Auburn,3 Texas Tech,5 Auburn,5 Auburn
Your Hero,38,1 Duke,2 Michigan State,1 Gonzaga,3 Texas Tech,1 Virginia,3 Purdue,5 Auburn,2 Kentucky,1 Duke,1 Gonzaga,3 Purdue,5 Auburn,1 Duke,3 Purdue,3 Purdue
Where is my money,38
Holden It Down.,38
Feirman 1,38
Rui Gooey,38,1 Duke,2 Michigan State,1 Gonzaga,3 Texas Tech,1 Virginia,3 Purdue,5 Auburn,2 Kentucky,1 Duke,1 Gonzaga,1 Virginia,2 Kentucky,1 Duke,1 Virginia,1 Virginia
riz1,38
Road to Zion,38,1 Duke,2 Michigan State,1 Gonzaga,3 Texas Tech,1 Virginia,3 Purdue,5 Auburn,2 Kentucky,2 Michigan State,1 Gonzaga,3 Purdue,2 Kentucky,1 Gonzaga,2 Kentucky,2 Kentucky
Self Defecating,38,1 Duke,2 Michigan State,1 Gonzaga,3 Texas Tech,1 Virginia,3 Purdue,5 Auburn,2 Kentucky,2 Michigan State,1 Gonzaga,1 Virginia,5 Auburn,2 Michigan State,1 Virginia,2 Michigan State
Random morgy,38
TiGo,38,1 Duke,2 Michigan State,1 Gonzaga,3 Texas Tech,1 Virginia,3 Purdue,5 Auburn,2 Kentucky,1 Duke,3 Texas Tech,3 Purdue,2 Kentucky,3 Texas Tech,3 Purdue,3 Purdue
