,2PEAT,AS1's Pool,Abrams,All the Fish,Anna E.,BMahoney,Banana,Beilein Or Bust,Bet They Got S.C.M.O.D.S.,BigJohn,Boom Boom Room,Brexitball,Bulldogs Arf #2,Bulldogs Arf 1,BuyUsAWinner,Ckillar1,Coach Kroojawoowski,Corliss > Zion,Corndog,Corner Pocket,DLee's Bracket,DLee's Wife's Mount Zion,DSW Sneaker Blowout,Dan G.,Danielle Iserlis,Dat Bracket Doe,Disco Pants and Haircuts,Eric M Entry,FeelingLucky2019,Feirman 1,Feirman 2,Feirman 3,Gene's Picks,Geoff pool 2,Geoffs winners,George Barton,Gimme the loot,Go SUNY Tech,GoDucks,HailTheBison,Holden It Down.,I think I'm dying here,Iron Lion Zion,Jeff Miller,Julie M,KathDog,Kyle Wall,LETS GO BU!,Larry G,Larry's bracket,MASNYC,MiamiGotFucked,Mrs.bos'bracket,My Bracket Sucks,My Toddlers Picks,Not a Bracket,NotAWinner,Nova 2 of 3,Operation Varsity Blues,PapaBias,PlayingBlind,Random morgy,Red Raider Quaker,Road to Zion,Rui Gooey,Sanjita Mamacita,Sara wins!,Self Defecating,Shez 2,Shez1,Skinnyjam,Sprague The Whisperer,Sprinkles,Sydney's College Fund,THE CUSE IS LOOSE,Team ODB,Team ODB2,The Devil Wears Nada,The Furst,TheStable,This Year Though...,ThisonesforPnut,Three Orange Whips,TiGo,Tim Apple,Todd's Wife,Uzo's Winner,What the Hell,Where is my money,YOU ARE UG-LY,Yogi Bear,Your Hero,Zion National Park,augdiggity,bos1,bos2,cbirn,cuttin' down the nets,gsuss,javiiiiii,qvollmert,riz1,uclakav,west coast best coast,wrinkled balls
1.0,,,,,,,,,,21.0,,,5.0,,,,,,2.0,,,,,,,,,,,13.0,28.0,,6.0,,,,,,1.0,,,,,,,,,,,,,2.0,,,,,2.0,,9.0,,,,,3.0,,,,,,,,,,,,,,,,,,,,,,,,,,7.0,,,,,,8.0,,20.0,,,,,,,
1.5,,,,,,,,,,,,,,,,,,,,,,,,,,,,,,,,,,,,,,,,,,,,,,,,,,,,1.0,,,,,,,,,,,,,,,,,,,,,,,,,,,,,,,,,,,,,,,,,,,,1.0,,,,,,,,,
2.0,,,,,,,,,,11.0,,2.0,5.0,2.0,,2.0,,,11.0,,,,,,,,2.0,,,15.0,17.0,,,,,,,,6.0,,,,,,,,,1.0,,,,3.0,,,,,2.0,,4.0,,,,,3.0,4.0,,,,,,,,,,,,,,,1.0,,,,,,,,,,12.0,,,,,1.0,10.0,,12.0,,,,,,,
2.5,,,,,,,,,,,,,1.0,1.0,,,,,,,,,,,,,,,,,,,,,,,,,,,,,,,,,,,,,,,,,,,,,,,,,,,,,,,,,,,,,,,,,,,,,,,,,,,,,,,,,,,,,,,,,,,
3.0,,,,,,,,,,7.0,,1.0,5.0,3.0,,1.0,,,4.0,,,,,,2.0,,1.0,,,19.0,4.0,,3.0,,,,,,6.0,,,,,2.0,,,,3.0,1.0,,,9.0,,,,,2.0,,5.0,,,,,10.0,,,,,,,,,,,,,,,,1.0,,,,,,,,,,10.0,,,,6.0,7.0,7.0,,4.0,,,,,,,
3.5,,,,,,,,,,,,,1.0,1.0,,,,,,,,,,,,,,,,1.0,,,1.0,,,,,,,,,,,,,,,,,,,,,,,,,,,,,,,,2.0,,,,,,,,,,,,,,,,,,,,,,,,,,,,,,,,,2.0,,,,,,,
4.0,,1.0,,,,,,,,18.0,,1.0,,6.0,5.0,5.0,,,11.0,,,,,,2.0,,1.0,,,8.0,4.0,,2.0,,,1.0,,1.0,3.0,,,,,1.0,,,3.0,2.0,,,,6.0,,,,,1.0,,3.0,,,,,4.0,5.0,,,,,,,,,,,,,,,2.0,,,,,,2.0,1.0,,,2.0,,,,2.0,2.0,6.0,,4.0,,,,,,2.0,
4.5,,,,,,,,,,,,,3.0,3.0,,,,,,,,,,,,,,,,1.0,1.0,,1.0,,,,,,,,,,,,,,,,,,,1.0,,,,,1.0,,1.0,,,,,,,,,,,,,,,,,,,,,,,,,,,,,,,,,,,,1.0,1.0,,,,,,,,,
5.0,,2.0,,,,,,,,10.0,,2.0,1.0,3.0,3.0,,,,3.0,,,,,1.0,1.0,,1.0,,,8.0,4.0,,3.0,,,,,3.0,1.0,,,,,1.0,,,,1.0,1.0,,,4.0,,,,,5.0,,4.0,,,,,9.0,6.0,,,,,,,,,,,,,,,,,,3.0,,,2.0,,,,9.0,,,,10.0,5.0,6.0,,2.0,,,,,,,
5.5,,,,,,,,,,2.0,,,1.0,1.0,,,,,,,,,,,,,,,,,,,,,,,,,,,,,,,,,2.0,,,,,,,,,,1.0,,,,,,,,1.0,,,,,,,,,,,,,,,,,,2.0,,,2.0,,,,1.0,,,,,,,,1.0,,,,,,,
6.0,,1.0,,,,,,,,9.0,,1.0,,3.0,2.0,,,,10.0,,,,,3.0,1.0,,2.0,,,4.0,6.0,,,,,1.0,,3.0,,,,4.0,,,,,1.0,,2.0,,2.0,4.0,,,3.0,,2.0,,4.0,,,,,2.0,6.0,,,,,,,,,,,,,,,6.0,,,1.0,,,1.0,1.0,,,6.0,,,,5.0,5.0,2.0,,3.0,,,,,,2.0,
6.5,,,,,,,,,,,,1.0,4.0,4.0,,,,,1.0,,,,,,,,,,,1.0,1.0,,1.0,,,,,,,,,,,,,,1.0,1.0,,,1.0,,,,,,1.0,,1.0,,,,,,2.0,,,,,,,,,,,,,,,,,,,,,1.0,,,,2.0,,,,,1.0,,,2.0,,,,,,,
7.0,,7.0,,,,,,,,6.0,,1.0,,,3.0,,2.0,,6.0,,,,,6.0,,,2.0,,,3.0,2.0,,3.0,,,1.0,,1.0,2.0,,,,,3.0,,,,2.0,2.0,,1.0,3.0,,,,,3.0,,3.0,,,,,7.0,8.0,,,,,,1.0,,,,,,,,,2.0,,,1.0,,,2.0,,,,4.0,,,,7.0,1.0,5.0,,6.0,,,2.0,,,,
7.5,,,,,,,,,,,,,3.0,3.0,,,,,,,,,,,,,,,,,,,,,,,,,,,,,,,,,,,,,,,,,,,,,,,,,,,,,,,,,,,,,,,,,,,,,,,,,,,,,,,,,,,,2.0,,,,,2.0,,
8.0,,5.0,,,,,,,,7.0,2.0,3.0,,1.0,2.0,,,,4.0,,,,,4.0,1.0,,1.0,,,3.0,5.0,,4.0,,,,,6.0,1.0,,,1.0,,2.0,,,,1.0,2.0,,3.0,2.0,,,1.0,,1.0,,8.0,,,,,6.0,5.0,,,,,,2.0,,,,,,,,,1.0,,,2.0,,,3.0,1.0,,,6.0,,,,,4.0,3.0,,2.0,,,3.0,,2.0,,
8.5,,,,,,,,,,,,1.0,5.0,5.0,,1.0,,,1.0,,,,,,,,,,,1.0,3.0,,2.0,,,1.0,,,,,,,,,,,2.0,2.0,,,,,,,,,,,1.0,,,,,1.0,1.0,,,,1.0,,,,,,,,,,,1.0,,,,,,2.0,,,,,,,,,,,,1.0,,,,,,,
9.0,,3.0,,,,,1.0,,,1.0,,4.0,6.0,2.0,,,,,8.0,,,,,1.0,2.0,,,,,2.0,4.0,,3.0,,,2.0,,,,,,1.0,,1.0,,,,3.0,3.0,,,3.0,,,1.0,,,,1.0,,,,,5.0,3.0,,,,,,2.0,,,,,,,,2.0,1.0,1.0,,5.0,,,2.0,,,,11.0,,,,1.0,3.0,3.0,,2.0,,,,,,,
9.5,,,,,,,,,,,,,4.0,4.0,,,,,2.0,,,,,,,,,,,1.0,,,3.0,,,,,,1.0,,,,,,,,,1.0,,,1.0,,,,,,4.0,,1.0,,,,,,1.0,,,,,,,,,,,,,,,,,,,,,,,,,5.0,,,,,,,,4.0,,,,,1.0,1.0,
10.0,,,,,,,2.0,,,3.0,,1.0,,1.0,1.0,1.0,,,9.0,,,,,1.0,2.0,,1.0,,,2.0,3.0,,1.0,,,,,2.0,,,,3.0,,,,,,4.0,2.0,,5.0,4.0,,,2.0,1.0,,,1.0,,,,,7.0,1.0,,1.0,,,1.0,,,,2.0,,,,,5.0,,1.0,,2.0,,,2.0,,,,6.0,,,,7.0,2.0,3.0,,,,,1.0,,4.0,1.0,2.0
10.5,,,,,,,1.0,,,1.0,,,7.0,7.0,,,,,,,,,,,,,,,,,,,,,,,,,,,,,,,,,,,,,,,,,1.0,,3.0,,,,,,,,,,,,,,,,,,,,,,1.0,,,,,,,,,,,3.0,,,,,,,,,,,,,,,
11.0,,1.0,,1.0,,,1.0,,,2.0,,3.0,2.0,1.0,,2.0,,,11.0,,,,,,1.0,,,,,3.0,2.0,,5.0,,,2.0,,4.0,4.0,,,1.0,,,,,,1.0,1.0,,1.0,2.0,,,1.0,,1.0,,1.0,,,,,5.0,5.0,1.0,2.0,,1.0,1.0,,,,,,,,,3.0,,,,1.0,,,3.0,1.0,,,4.0,,2.0,,7.0,3.0,2.0,,1.0,,,2.0,,1.0,1.0,
11.5,,,,,,,2.0,,,,,2.0,6.0,6.0,,,,,,,,,,,,,1.0,,1.0,2.0,,,1.0,,,,,,,,1.0,,,,,,,,,,1.0,,,,,,,,,,,,,1.0,,,,,1.0,,,,,,,,,,2.0,,,,,,,,,,,,,1.0,,,,,,1.0,,,,,1.0,,
12.0,,2.0,,1.0,,,,,,,,3.0,,3.0,1.0,,,,6.0,,,,,3.0,,,,,,3.0,3.0,,1.0,,,1.0,,1.0,1.0,,,6.0,,,,,,1.0,5.0,,,3.0,,,,1.0,,,4.0,,,,,2.0,5.0,2.0,3.0,,,,1.0,,,,,,1.0,,2.0,,,,,,,4.0,,,,2.0,,,,8.0,3.0,2.0,,1.0,,,1.0,,1.0,5.0,
12.5,,1.0,,,,,1.0,,,,,1.0,6.0,6.0,,,,,,,,,,,,,,,5.0,,,,1.0,,,1.0,,,1.0,,5.0,2.0,,,,,,,4.0,,1.0,,,,,,,,,,,,,,,,,1.0,,,,,,,,,,,1.0,1.0,2.0,,,,,,,,,,4.0,,,,,,,,,,,,,,
13.0,,1.0,,,,,,,,3.0,,1.0,,,1.0,2.0,,,5.0,,,,,1.0,1.0,,5.0,,,3.0,,,3.0,,,2.0,,1.0,1.0,,,1.0,,1.0,,,,5.0,2.0,,1.0,3.0,,1.0,2.0,,,,7.0,,,,,4.0,3.0,,,,,,4.0,,,1.0,,,,,,,1.0,,,,,2.0,,,,8.0,,1.0,,4.0,1.0,3.0,1.0,4.0,,,,,,1.0,
13.5,,2.0,,,,,,,,1.0,,1.0,1.0,1.0,1.0,,,,1.0,,,,,,,,,,4.0,1.0,,,,,,,,1.0,1.0,,4.0,,,1.0,,,,1.0,,,,,,,1.0,,,,3.0,,,,,1.0,1.0,,,1.0,,,,,,,,,,1.0,,,,,1.0,,,,,,,,,,,,1.0,,,1.0,,,4.0,,,,
14.0,,,,,,,,,,3.0,3.0,3.0,,,1.0,,1.0,,2.0,,,,,4.0,1.0,,1.0,1.0,,3.0,1.0,,2.0,,,1.0,,2.0,,,,1.0,,1.0,,2.0,1.0,4.0,1.0,,,3.0,,3.0,1.0,1.0,,,2.0,,,,,1.0,7.0,,2.0,,,1.0,,,,1.0,,,,,,,1.0,,2.0,,,1.0,,,,6.0,1.0,,,6.0,3.0,,,2.0,,,,,,2.0,
14.5,,,,,,,1.0,,,,,,5.0,5.0,,,,,,,,,,,1.0,,,,3.0,,1.0,,,,,,,,,,3.0,,,1.0,,,,1.0,,,,,,,,,2.0,,1.0,,,,,2.0,,,,,1.0,,,,,,,,,,,,,,,,,,,,,2.0,,,,,2.0,,,1.0,,,2.0,,,,
15.0,,3.0,1.0,,,,1.0,,,3.0,2.0,4.0,,1.0,,,,1.0,5.0,,,,,,2.0,,1.0,,,4.0,2.0,,1.0,,,2.0,,3.0,2.0,,,1.0,,1.0,,,,3.0,2.0,,,2.0,,5.0,,,,,3.0,,,,,3.0,4.0,2.0,,,,,1.0,,,1.0,,,1.0,2.0,1.0,,3.0,,3.0,,,,,,,2.0,2.0,,,5.0,2.0,1.0,2.0,3.0,,,1.0,,,3.0,
15.5,,,,,,,1.0,,,2.0,,1.0,4.0,4.0,,1.0,,,1.0,,,,,1.0,,,,,1.0,1.0,,,1.0,,,,,1.0,1.0,,1.0,,,,,,2.0,1.0,,,1.0,,,,1.0,,1.0,2.0,1.0,,,,,,,,,,,3.0,,,,,,,,,1.0,,,,,,,2.0,3.0,,,,,,,,3.0,,,,,,1.0,,,1.0,
16.0,,,1.0,1.0,,,,,,,1.0,3.0,1.0,,,,,1.0,3.0,,,,,2.0,2.0,,,,2.0,4.0,4.0,1.0,5.0,,,3.0,,2.0,2.0,,2.0,1.0,,3.0,1.0,,,1.0,1.0,,2.0,1.0,,2.0,1.0,2.0,,,,,,,,1.0,2.0,2.0,3.0,,,1.0,,,,2.0,,,,2.0,,1.0,,,1.0,,,3.0,,,,,,,,5.0,4.0,2.0,1.0,1.0,,,,,2.0,2.0,
16.5,,,,,,,3.0,,,1.0,,,3.0,3.0,,,,,,,,,,,3.0,,,,,,,,,,,,,,,,,,,,,,,,,,,,,,1.0,,3.0,,,,,,,,,,,,,,,,,,,,,,,,,,,,,,,,,2.0,,,,,2.0,,,1.0,,,1.0,,1.0,,
17.0,,3.0,,,,,,,1.0,1.0,1.0,2.0,1.0,1.0,1.0,,1.0,,3.0,,,,,4.0,,,,,,2.0,3.0,1.0,5.0,,,3.0,,2.0,,,,2.0,,1.0,3.0,2.0,,,5.0,,4.0,1.0,,2.0,,2.0,,,1.0,,,,,4.0,2.0,3.0,1.0,2.0,2.0,1.0,2.0,,,2.0,,,,,,,1.0,,2.0,,,2.0,2.0,,,1.0,2.0,,2.0,3.0,5.0,2.0,3.0,1.0,,,1.0,,5.0,,
17.5,,,,,,,1.0,,,,,3.0,,,2.0,1.0,,,2.0,,,,,,1.0,,1.0,1.0,,,,,,,,,,,1.0,,,,,,,,,2.0,,,,,,,,,,,,,,,,,,,,,,,,,,,,,,,,,,,,,,,,,,,,1.0,,2.0,1.0,,,,,,1.0,,,,
18.0,,2.0,,1.0,,,,,3.0,,1.0,,1.0,,1.0,,,1.0,1.0,,,,,2.0,1.0,,3.0,,,1.0,3.0,1.0,6.0,,,,,2.0,1.0,,,5.0,,,,,,3.0,,,,4.0,,3.0,,1.0,,1.0,4.0,,,,,1.0,4.0,2.0,1.0,,,1.0,2.0,,,2.0,,,,,1.0,2.0,2.0,,2.0,,,3.0,1.0,,,,,2.0,,3.0,2.0,3.0,2.0,2.0,,,1.0,,4.0,2.0,
18.5,,1.0,,2.0,,,,,,,,,3.0,3.0,,1.0,,,,,,,,1.0,1.0,,,,,,,,1.0,,,,,1.0,,,,,,,,,,,1.0,,1.0,2.0,,,,,1.0,,2.0,,,,,1.0,,1.0,,,,,2.0,,,1.0,,,,,,,,,2.0,,,1.0,,1.0,,,1.0,,,,1.0,,,,,,,,1.0,,1.0
19.0,,,,,,,,,1.0,,1.0,1.0,2.0,,2.0,,,,3.0,,,,,1.0,1.0,,,,,,5.0,1.0,4.0,,,4.0,,,4.0,,,4.0,,3.0,,2.0,1.0,2.0,3.0,,1.0,1.0,,,,4.0,1.0,1.0,4.0,,,,,2.0,,,2.0,2.0,,1.0,1.0,,,,,,,2.0,,1.0,,,2.0,,,2.0,2.0,,,2.0,1.0,,,3.0,3.0,1.0,,1.0,,,,,1.0,4.0,
19.5,,1.0,,1.0,,,2.0,,,1.0,,,1.0,1.0,,1.0,1.0,,1.0,,,,,,1.0,,,,,,,,,,,,,2.0,,,,,,,,1.0,,,,,1.0,2.0,,,,,,2.0,1.0,,,,,2.0,,1.0,,,1.0,2.0,,,,,,,,,1.0,,,,,,,,1.0,,,,,,,,1.0,2.0,,2.0,,,1.0,,2.0,,2.0
20.0,,3.0,1.0,1.0,,,1.0,,3.0,1.0,,,2.0,2.0,3.0,,,,1.0,,,,,,2.0,,1.0,1.0,,,1.0,,2.0,,,3.0,,2.0,2.0,,,2.0,,1.0,,1.0,,1.0,1.0,,,5.0,,,,1.0,2.0,,,,,,,6.0,,2.0,1.0,,,,,,,1.0,,,,2.0,1.0,,2.0,,4.0,,,,,1.0,,,1.0,1.0,1.0,8.0,4.0,,,2.0,,,4.0,,2.0,1.0,
20.5,,,,,,,1.0,,,1.0,,1.0,,,1.0,,,,1.0,,,,,,1.0,,,,,1.0,,,1.0,,,,,3.0,1.0,,,2.0,,,,,,,3.0,,4.0,,,,,,1.0,,3.0,,,,,,,,,,1.0,,,,,,,,,,1.0,,2.0,,,,,1.0,1.0,1.0,,,4.0,,,1.0,4.0,,1.0,,,,3.0,,3.0,,
21.0,,1.0,2.0,,,,,,1.0,1.0,2.0,1.0,4.0,3.0,,,1.0,1.0,4.0,,,,,3.0,1.0,,,,,3.0,,1.0,3.0,,,3.0,,3.0,3.0,,,1.0,,1.0,,,2.0,1.0,1.0,,,6.0,,,1.0,1.0,,1.0,2.0,,,,,1.0,1.0,3.0,,,,,2.0,,,1.0,,,1.0,1.0,,,1.0,,3.0,,,2.0,,,,,,,1.0,5.0,1.0,,2.0,1.0,,,,,1.0,3.0,1.0
21.5,,,,1.0,,,2.0,,,,,,,,,,,,,,,,,,2.0,,,,,,,,,,,1.0,,1.0,1.0,,,2.0,,,,,1.0,,1.0,,3.0,1.0,,,,,,,,,,,,,2.0,,1.0,,,1.0,1.0,,,,,,,,,,1.0,,1.0,,,,,,,,1.0,,,,3.0,,,,,,2.0,,1.0,,
22.0,,5.0,,1.0,,,,,3.0,,1.0,1.0,1.0,2.0,3.0,,1.0,1.0,1.0,2.0,,,,,1.0,,2.0,1.0,,2.0,2.0,,,,,3.0,,4.0,1.0,,,5.0,,,,,,,4.0,,,2.0,,,,1.0,,,1.0,,,,,2.0,3.0,2.0,,,,2.0,5.0,,,2.0,,,,,,1.0,1.0,,1.0,,,2.0,1.0,,,2.0,2.0,,2.0,5.0,2.0,4.0,,,,,2.0,,,2.0,2.0
22.5,,,,,,,,,,,,,,,,,,,,,,,,1.0,,,2.0,1.0,,1.0,,1.0,1.0,,,,,1.0,1.0,,,2.0,,,,,2.0,,,,2.0,,,,,,3.0,1.0,2.0,,,,,,2.0,,,,,1.0,,,,,,,,,,,,,,,,,,,,,1.0,,,,1.0,,,1.0,,,1.0,,,1.0,1.0
23.0,,,1.0,,,,,,,,5.0,2.0,,1.0,3.0,,2.0,1.0,2.0,2.0,,,,,1.0,,3.0,3.0,2.0,3.0,4.0,,,,,1.0,,4.0,2.0,,2.0,2.0,,,2.0,1.0,,1.0,1.0,,3.0,,,,1.0,1.0,,,1.0,,,,,2.0,2.0,3.0,,,,,3.0,,,,,,,,1.0,2.0,,,5.0,,,1.0,1.0,1.0,,,1.0,1.0,,2.0,2.0,,1.0,1.0,,,2.0,,1.0,5.0,
23.5,,1.0,,2.0,,,,,,,,,,,1.0,,2.0,,,,,,,,2.0,,,,,,,,,,,1.0,,,,,,1.0,,1.0,,,,,,,1.0,1.0,,,,,1.0,1.0,,,,,,,1.0,1.0,,,1.0,1.0,,,,,,,1.0,2.0,,1.0,1.0,,3.0,,,,,,,,1.0,2.0,1.0,1.0,1.0,,2.0,,,,1.0,,,,
24.0,,2.0,1.0,1.0,,,,,1.0,,2.0,4.0,3.0,3.0,,,,,,,,,,1.0,,,2.0,,,1.0,3.0,2.0,,,,4.0,,3.0,3.0,,,1.0,,3.0,,1.0,,,3.0,,,1.0,,,1.0,,,2.0,,,,,,2.0,1.0,3.0,,4.0,1.0,,2.0,,,1.0,,,,,,3.0,1.0,,2.0,,,1.0,,,,,1.0,4.0,1.0,2.0,1.0,,,6.0,,,,,,5.0,1.0
24.5,,3.0,1.0,1.0,,,1.0,,,,,1.0,,,2.0,,1.0,,1.0,,,,,,1.0,,,,,,,,,,,,,1.0,2.0,,,1.0,,,,,,,,,,1.0,,,,,2.0,,1.0,,,,,1.0,1.0,3.0,,,2.0,,,,,,,,,3.0,1.0,,,,4.0,,,1.0,,,,,,,,,1.0,,1.0,1.0,,,2.0,,1.0,,
25.0,,1.0,,,,,1.0,,,1.0,3.0,3.0,,,1.0,,,1.0,1.0,,,,,1.0,2.0,,4.0,1.0,1.0,,3.0,,,,,2.0,,5.0,1.0,,1.0,1.0,,3.0,,,,,,,5.0,1.0,,,,,1.0,2.0,2.0,,,,,4.0,,1.0,,,2.0,1.0,3.0,,,3.0,,1.0,,1.0,1.0,2.0,,,1.0,,,,,,,,,1.0,2.0,6.0,2.0,1.0,,1.0,,,,,6.0,3.0,
25.5,,,3.0,1.0,,,,,,,,,,,2.0,,1.0,,,,,,,2.0,,,,,,1.0,1.0,1.0,1.0,,,,,2.0,2.0,,,,,,,,,1.0,,,4.0,2.0,,,,,,,4.0,,,,1.0,1.0,,,,,,,,,2.0,2.0,,,,1.0,,,1.0,,3.0,,,,,,,,,,,,1.0,,,,,,3.0,,2.0,1.0,
26.0,,2.0,,,,,,,1.0,1.0,1.0,3.0,,,5.0,,,,,3.0,,,,3.0,,,1.0,1.0,,3.0,1.0,1.0,3.0,,,1.0,,,2.0,,,,,1.0,,1.0,,1.0,2.0,,,1.0,2.0,,,,1.0,1.0,1.0,,,,,1.0,,2.0,,,5.0,1.0,5.0,,,,,1.0,,1.0,,2.0,,,1.0,,1.0,1.0,,,1.0,1.0,,,,3.0,4.0,1.0,1.0,,,,2.0,,,3.0,
26.5,,1.0,1.0,1.0,,,,,,,,,,1.0,,,,,,,,,,1.0,,,,,,1.0,,,1.0,,,,,,1.0,,,,,,,1.0,,2.0,,,4.0,,,,,,,,1.0,,,,,,,1.0,,,,1.0,2.0,,1.0,1.0,,,,1.0,,,,,1.0,,,,,,,,,,,,3.0,,,,,,3.0,,1.0,1.0,
27.0,,3.0,1.0,,,,,,1.0,1.0,,1.0,,,,1.0,1.0,1.0,,1.0,,,,3.0,1.0,,,,,,1.0,,3.0,,,1.0,,2.0,3.0,,,2.0,,4.0,,1.0,,2.0,2.0,,2.0,2.0,,2.0,1.0,,,1.0,4.0,,,,,,1.0,2.0,1.0,3.0,,,1.0,,,,,,,1.0,1.0,,,,4.0,,1.0,2.0,,,2.0,,1.0,2.0,2.0,1.0,1.0,1.0,1.0,1.0,,,,,1.0,4.0,1.0
27.5,,,,,,,,,,,1.0,1.0,,,1.0,,,,,,,,,,,2.0,1.0,1.0,1.0,,,,1.0,,,,,3.0,,,1.0,4.0,,1.0,,,,1.0,,,3.0,4.0,,,,,,2.0,,,,,,1.0,,,,,,2.0,,,,,,,,1.0,,,1.0,,3.0,,,,,2.0,,,2.0,2.0,1.0,1.0,1.0,1.0,2.0,,,,,,2.0,,
28.0,,3.0,2.0,1.0,,,1.0,,1.0,2.0,,1.0,,,3.0,,3.0,3.0,1.0,2.0,,,1.0,2.0,1.0,,1.0,3.0,2.0,,2.0,1.0,2.0,,,2.0,,2.0,2.0,,2.0,,,1.0,,,,2.0,3.0,,2.0,3.0,,,1.0,,3.0,1.0,2.0,,,,,1.0,1.0,4.0,,3.0,2.0,,4.0,,,1.0,,,,2.0,1.0,2.0,1.0,,5.0,,2.0,3.0,,1.0,,,3.0,2.0,1.0,2.0,,1.0,,,,2.0,,1.0,,,
28.5,,,,,,,,,,,,2.0,,,1.0,,,,,,,,,1.0,,1.0,,1.0,,,,,,,,,,,,,,,,,,,1.0,,,,1.0,2.0,,,1.0,,,,,,,,,,,1.0,,,,,,,,,,,,1.0,,,,,2.0,,,,,,,,,1.0,1.0,1.0,1.0,,1.0,,,,1.0,,1.0,,
29.0,,4.0,1.0,,,,,,,1.0,,2.0,,,3.0,,1.0,2.0,,2.0,,2.0,2.0,1.0,,,2.0,3.0,,2.0,,,1.0,,,,,,,,,2.0,,,,1.0,,,2.0,,3.0,,2.0,,2.0,,1.0,,2.0,,,,,2.0,2.0,1.0,,1.0,6.0,,2.0,,,,,,,3.0,,,2.0,,2.0,,1.0,1.0,,,,2.0,1.0,3.0,1.0,2.0,,,1.0,2.0,,,1.0,,3.0,7.0,1.0
29.5,,,,1.0,,,,,,,,1.0,,,,,,1.0,,1.0,,,,,1.0,,,,,,,,,,,,,1.0,,,,1.0,,,,,,,,,3.0,,,,,,,,2.0,,,,,,,,,1.0,,,1.0,,,,,,,,,1.0,1.0,,,,,,,,,,,,,,3.0,,,,1.0,,5.0,,2.0,1.0,
30.0,,3.0,4.0,,,,,,,1.0,2.0,,,,3.0,1.0,2.0,1.0,,,,2.0,2.0,5.0,,,2.0,,,,1.0,,4.0,,,,,,4.0,,,2.0,,2.0,,1.0,,1.0,3.0,,2.0,1.0,2.0,,,,,,4.0,,,,1.0,3.0,,2.0,,,1.0,1.0,1.0,,,,,4.0,1.0,3.0,1.0,1.0,,,4.0,,1.0,1.0,,,2.0,1.0,1.0,2.0,,,1.0,1.0,1.0,4.0,,,,,3.0,4.0,
30.5,,,4.0,2.0,,,,,,,,2.0,2.0,2.0,,,1.0,,,,,,,3.0,,,,1.0,1.0,1.0,,,1.0,,,,,1.0,1.0,,1.0,,,,,,,,1.0,,3.0,1.0,,,,,,,,,,,,,2.0,,1.0,,,1.0,1.0,,1.0,1.0,,,,,,,,,1.0,,1.0,,,,,,,,,,1.0,1.0,,,,,,,,1.0,
31.0,,2.0,2.0,,,,,,,1.0,2.0,3.0,,,5.0,,2.0,1.0,,,,,1.0,,,,3.0,1.0,,,3.0,,1.0,,,,,,4.0,,,1.0,,,1.0,1.0,,,2.0,,2.0,,,,,,1.0,3.0,1.0,,,,1.0,1.0,,7.0,,1.0,1.0,2.0,1.0,,,1.0,2.0,,,1.0,,,1.0,,1.0,,,3.0,,1.0,2.0,,,2.0,1.0,,2.0,2.0,1.0,1.0,,1.0,1.0,,1.0,1.0,
31.5,,1.0,3.0,1.0,,,,,,,1.0,2.0,2.0,2.0,,,1.0,,,,,,,1.0,1.0,,1.0,,1.0,,,,,,,1.0,,,2.0,,1.0,,,,,,,,,,2.0,,,,,,,,,,,,,3.0,2.0,1.0,,,1.0,,,,,,,1.0,1.0,1.0,,,1.0,,1.0,,,1.0,,,1.0,,,2.0,,,2.0,,,1.0,,,1.0,,,2.0,3.0
32.0,,,2.0,,,,,,,1.0,,8.0,,,2.0,1.0,2.0,,,,,,1.0,2.0,,,2.0,1.0,,,,1.0,3.0,,,1.0,,1.0,3.0,,,5.0,,,1.0,,,1.0,,,2.0,1.0,,2.0,,,,2.0,2.0,,,,1.0,,,,,1.0,1.0,2.0,5.0,,,,2.0,,1.0,2.0,1.0,,1.0,,6.0,,,1.0,,1.0,,1.0,,1.0,,3.0,1.0,1.0,,,1.0,,1.0,,1.0,1.0,1.0
32.5,,2.0,1.0,,,,,,,,1.0,2.0,1.0,1.0,1.0,,,,,1.0,,,,1.0,,1.0,,1.0,1.0,,,,,,,1.0,,,1.0,,1.0,,,1.0,1.0,,1.0,,,,,1.0,,1.0,,,1.0,,,,,,,,1.0,3.0,,,1.0,,,,,1.0,,,2.0,,,,1.0,,1.0,1.0,1.0,1.0,,,,,1.0,1.0,1.0,,,,1.0,,1.0,,,,,1.0,
33.0,,1.0,4.0,,,,,,,,,3.0,,,2.0,,2.0,,,1.0,,1.0,1.0,1.0,,,1.0,,1.0,,,,1.0,,,1.0,,3.0,5.0,,1.0,1.0,,,,,1.0,1.0,2.0,,4.0,,1.0,1.0,3.0,,,,1.0,,,,,,,2.0,,2.0,,1.0,1.0,,,,,1.0,3.0,1.0,2.0,4.0,1.0,,4.0,,,1.0,,,,,,1.0,1.0,,1.0,,1.0,,,1.0,1.0,,1.0,2.0,
33.5,,1.0,1.0,,,,,,,,1.0,2.0,3.0,3.0,1.0,1.0,,,,,,,,,,,2.0,1.0,,,,,,,2.0,1.0,,,2.0,,,,,3.0,,,,,1.0,,4.0,,,,,1.0,1.0,,1.0,2.0,,,,1.0,1.0,2.0,1.0,1.0,2.0,,,,,2.0,,,,1.0,,,,,2.0,2.0,1.0,1.0,,,,,2.0,1.0,,,,1.0,,1.0,,,,,2.0,4.0,
34.0,,,1.0,1.0,,,,,,,4.0,2.0,,,1.0,,1.0,,,2.0,1.0,,2.0,3.0,,,,,,,,,1.0,,,1.0,,1.0,3.0,,,4.0,,2.0,1.0,,1.0,,,,1.0,,2.0,,,,1.0,1.0,2.0,,,,,,,3.0,2.0,,,3.0,4.0,,,,1.0,3.0,1.0,,,1.0,,,4.0,,,1.0,,,1.0,,,1.0,,,1.0,1.0,,1.0,,1.0,1.0,,,5.0,
34.5,,,1.0,1.0,,,,,,,1.0,,,,1.0,,,,,,,,,,,,,,,,,,,,2.0,,,,3.0,,,,,2.0,,,,,2.0,,2.0,1.0,,,,,,,,,,,,1.0,,1.0,,,,,1.0,,,1.0,,,1.0,,,1.0,,,2.0,1.0,,,,,,,2.0,,,,,1.0,,,,,,,3.0,1.0,
35.0,,1.0,6.0,,,,,,,1.0,2.0,2.0,1.0,1.0,2.0,2.0,,,,1.0,,3.0,4.0,1.0,,,,,,,,,3.0,,,3.0,,1.0,2.0,,,,,,,,,,3.0,,3.0,,1.0,,2.0,,2.0,,1.0,,,,,,,2.0,,,,,2.0,,1.0,,,1.0,1.0,1.0,,2.0,2.0,,3.0,,,,,,1.0,,1.0,,,,,2.0,1.0,2.0,,3.0,4.0,1.0,2.0,1.0,
35.5,,4.0,3.0,,,,,,,,,4.0,,,,,,,,,,,1.0,1.0,,,2.0,,1.0,,,,,,1.0,2.0,,,2.0,,1.0,,,1.0,,,,2.0,1.0,,4.0,2.0,,,,1.0,1.0,,2.0,1.0,,,1.0,1.0,1.0,6.0,,1.0,,,,,2.0,2.0,,1.0,1.0,,,1.0,1.0,,1.0,,1.0,2.0,,,1.0,,1.0,1.0,2.0,,1.0,,1.0,,,,2.0,,1.0,,1.0
36.0,,2.0,1.0,1.0,,,,,,,2.0,2.0,,,2.0,,,,,,,1.0,1.0,,,,1.0,3.0,,,,,2.0,,,3.0,,2.0,2.0,,,2.0,,3.0,,,,,2.0,,4.0,2.0,,1.0,,,4.0,,1.0,,,,,,1.0,,,,2.0,1.0,1.0,,1.0,,1.0,1.0,,1.0,,2.0,2.0,,2.0,,1.0,1.0,,,,1.0,1.0,1.0,,,,1.0,,1.0,,3.0,1.0,,1.0,1.0,
36.5,,2.0,3.0,,,,,,,,,2.0,,,,,,,,,,,1.0,2.0,,,,2.0,1.0,,,,1.0,,,,,,1.0,,1.0,,,,,,,1.0,1.0,,3.0,1.0,,,,,,,,,,,,,,2.0,2.0,2.0,,,,,2.0,2.0,,,1.0,2.0,,,,,2.0,,,,,,,,1.0,,1.0,,,,1.0,1.0,1.0,,,,2.0,,
37.0,,,4.0,1.0,,,1.0,2.0,,,,,,,1.0,,1.0,,,,,2.0,1.0,1.0,1.0,2.0,1.0,2.0,,,,,1.0,,,2.0,,1.0,,,,1.0,,,1.0,,1.0,,2.0,,,,1.0,,1.0,,1.0,,1.0,,,,,2.0,,3.0,,,,2.0,4.0,2.0,,2.0,2.0,,,1.0,1.0,,2.0,,1.0,,,,,1.0,1.0,,1.0,2.0,1.0,1.0,,1.0,1.0,1.0,,,1.0,,3.0,2.0,
37.5,,3.0,2.0,3.0,,,,,,,,2.0,2.0,2.0,,1.0,2.0,,,1.0,,,4.0,1.0,,,,1.0,,,,1.0,2.0,,,,,,1.0,,,,,1.0,,,,1.0,2.0,,3.0,,,1.0,,1.0,,,,,,,,,,2.0,2.0,3.0,3.0,,1.0,3.0,1.0,1.0,,,1.0,1.0,,,1.0,,,,,,,1.0,,3.0,2.0,1.0,,,,1.0,1.0,,,,,,1.0,,
38.0,,,1.0,1.0,,2.0,,,,,1.0,,,,1.0,,1.0,,,,1.0,1.0,1.0,2.0,,2.0,3.0,3.0,,,,,1.0,,1.0,,,,5.0,,,,,2.0,,,,,3.0,,3.0,,1.0,,1.0,,1.0,1.0,,,,,,1.0,1.0,3.0,,1.0,1.0,4.0,2.0,,,,1.0,,,4.0,,,2.0,,6.0,1.0,1.0,,1.0,,,,2.0,1.0,,,1.0,,5.0,,,,1.0,,1.0,4.0,
38.5,,2.0,2.0,1.0,,,,,,,,1.0,,,,,1.0,,,,,,,1.0,,,,,,,,,1.0,,,,,,,,,,1.0,,1.0,,,1.0,1.0,,2.0,,1.0,1.0,1.0,1.0,,,,,,,,,,1.0,,3.0,,,,,,,1.0,,1.0,,,,1.0,,1.0,,1.0,,,,,,1.0,,,,,,,,,,,,1.0,,
39.0,,,,,,1.0,,,,,4.0,,,,1.0,,1.0,,,1.0,,1.0,2.0,4.0,,2.0,7.0,1.0,,,,1.0,1.0,,,3.0,,,1.0,,,,,,,,,,,,1.0,,1.0,1.0,,,,1.0,2.0,,,,,1.0,2.0,,,,1.0,2.0,2.0,,1.0,1.0,,,,3.0,,2.0,1.0,,,1.0,,4.0,,2.0,2.0,,3.0,,,,,1.0,3.0,1.0,,1.0,2.0,2.0,2.0,2.0,
39.5,,2.0,5.0,1.0,,,,2.0,,,,4.0,1.0,1.0,,,1.0,,,,,,2.0,2.0,,,,2.0,3.0,,,,2.0,,2.0,2.0,,2.0,1.0,,3.0,,2.0,1.0,,,,1.0,,,,1.0,,,,,,,,2.0,,,,,1.0,2.0,1.0,3.0,1.0,1.0,,,,2.0,2.0,1.0,1.0,,,1.0,,,1.0,1.0,1.0,,,,,,,2.0,1.0,,,,1.0,,,,,,1.0,1.0,
40.0,,1.0,,1.0,,,,,,,2.0,,,,1.0,,1.0,,,,1.0,,1.0,2.0,,1.0,3.0,,,,,,1.0,,1.0,,,1.0,1.0,1.0,,,,1.0,,,,,1.0,,3.0,,,,3.0,,1.0,,,,,,,1.0,,3.0,,,1.0,2.0,1.0,,1.0,1.0,,,1.0,3.0,,,1.0,,3.0,,,2.0,1.0,,1.0,,2.0,1.0,,,,1.0,1.0,,,,,1.0,1.0,1.0,1.0
40.5,,1.0,2.0,1.0,,,,,,,,3.0,,,,1.0,1.0,,,1.0,,,,1.0,,,2.0,,,,,,,,,1.0,,,1.0,,,1.0,1.0,2.0,,,1.0,1.0,1.0,,1.0,,,,,1.0,,,,,,,,,1.0,4.0,2.0,2.0,,,,1.0,1.0,3.0,1.0,,,1.0,,,1.0,,1.0,2.0,1.0,,,4.0,,,1.0,1.0,,,1.0,,,,,,,,,2.0,
41.0,,5.0,2.0,2.0,,,,2.0,1.0,,4.0,2.0,,,4.0,,,,,1.0,,2.0,2.0,1.0,,1.0,1.0,,,,,1.0,2.0,,,4.0,,,2.0,2.0,,,,,1.0,,,,2.0,,3.0,,1.0,1.0,1.0,,2.0,1.0,2.0,,,,,,,1.0,1.0,1.0,1.0,,1.0,1.0,,1.0,,,,1.0,,1.0,2.0,,,,,,,1.0,,,2.0,,,,,,4.0,1.0,,2.0,4.0,,3.0,,
41.5,,,,1.0,,,,,,,,1.0,1.0,1.0,1.0,,1.0,,,,,,1.0,,,1.0,,,,,,,,,2.0,1.0,,,,,,2.0,,3.0,1.0,,,,2.0,,,,,1.0,,,1.0,,,2.0,,,,1.0,,3.0,,,,,,,1.0,3.0,,,1.0,,,1.0,4.0,,1.0,1.0,1.0,1.0,,1.0,,,3.0,2.0,,,,,1.0,,,,,,3.0,1.0,
42.0,,4.0,3.0,1.0,,1.0,,,1.0,,,3.0,,,3.0,1.0,,,,1.0,,,2.0,4.0,,,4.0,3.0,,,,,1.0,,2.0,1.0,,,,1.0,,,,2.0,,,,,2.0,,3.0,,,,1.0,,,,,,,,,,,3.0,,1.0,,1.0,,1.0,2.0,4.0,2.0,,,2.0,,3.0,5.0,,1.0,1.0,,2.0,,2.0,,1.0,3.0,,1.0,,,,1.0,,,,,,3.0,1.0,
42.5,,,1.0,,,,1.0,,,2.0,,,1.0,1.0,,,,,,,,,1.0,,1.0,,,,,,,1.0,,,,1.0,,,1.0,,,1.0,,1.0,,,,1.0,1.0,,1.0,,1.0,1.0,,1.0,,,,,,,,,,1.0,,,,,,,,,,,,2.0,,,2.0,,,1.0,,,,3.0,,,3.0,,,,,,1.0,,,,,1.0,1.0,1.0,1.0
43.0,,1.0,5.0,2.0,,,,1.0,,,,1.0,,,1.0,,,,,,1.0,,3.0,2.0,,1.0,1.0,,,,,,2.0,,,5.0,,,3.0,1.0,,,,4.0,2.0,,,1.0,1.0,,1.0,,,,,,,,,,,,1.0,,1.0,2.0,,1.0,,4.0,1.0,2.0,1.0,3.0,,,2.0,1.0,,1.0,3.0,,,3.0,,,,,1.0,,1.0,,,,,1.0,1.0,,,2.0,3.0,2.0,2.0,1.0,
43.5,,,1.0,,,,,,,,,1.0,2.0,2.0,,,,,,,,,3.0,,,1.0,,1.0,1.0,,,,,,1.0,1.0,,,1.0,,1.0,1.0,,,,,,,1.0,,,1.0,,1.0,,,,2.0,,,,,,,,,,,2.0,3.0,,1.0,,1.0,,1.0,,,,,3.0,,,2.0,,,,,,,2.0,,1.0,,1.0,,5.0,,,,,,1.0,2.0,1.0
44.0,,,3.0,1.0,,2.0,1.0,2.0,,,,1.0,,,2.0,,,,,1.0,3.0,1.0,4.0,,1.0,2.0,1.0,1.0,,,,2.0,,,,,,,1.0,1.0,,1.0,,2.0,1.0,,1.0,1.0,2.0,,2.0,1.0,,,2.0,1.0,2.0,,,,,,,,,4.0,,,,4.0,,1.0,2.0,2.0,,,2.0,6.0,,1.0,3.0,,2.0,,,1.0,,,,1.0,2.0,,,,,1.0,4.0,,,,1.0,2.0,1.0,1.0,
44.5,,,3.0,,,,,,,,,,,,,1.0,,,,1.0,,,2.0,,,,2.0,3.0,,,,,2.0,,,,,,1.0,,,1.0,,1.0,,,,,1.0,,,1.0,,1.0,,,,4.0,,,,,,,,,,,1.0,4.0,,,1.0,2.0,,,1.0,1.0,,,2.0,,,1.0,,,,1.0,,,2.0,,,,,,2.0,,,,,,2.0,1.0,1.0
45.0,4.0,4.0,1.0,2.0,,,,3.0,1.0,,,2.0,,,3.0,,2.0,,,,1.0,,,3.0,,,,,,,,,,,,2.0,,,,,,1.0,,2.0,,,,2.0,3.0,,,1.0,,,6.0,,,,,,,,1.0,1.0,,3.0,,,1.0,3.0,,1.0,1.0,2.0,1.0,,,1.0,,1.0,5.0,,,,,2.0,,1.0,1.0,,3.0,1.0,1.0,,,,,,,,,1.0,2.0,3.0,
45.5,,,4.0,1.0,,,1.0,,,,,,1.0,1.0,,,1.0,,,,,,1.0,1.0,1.0,1.0,,1.0,,,,1.0,1.0,,,,,1.0,1.0,,,1.0,,,,,,1.0,1.0,,,,,,,,,2.0,,,,,,,,,1.0,,1.0,2.0,,,3.0,4.0,,,,,,,1.0,,,,,,,1.0,,,3.0,,,,,,2.0,,,,,1.0,1.0,,1.0
46.0,2.0,2.0,1.0,3.0,,1.0,1.0,1.0,,,1.0,3.0,,,2.0,,,,,1.0,2.0,,1.0,2.0,1.0,,,,,,,1.0,2.0,,1.0,1.0,,1.0,4.0,,,1.0,,1.0,,,,,2.0,,,,,,1.0,1.0,,,,1.0,,,,,1.0,1.0,,1.0,1.0,4.0,,1.0,1.0,1.0,,,,,1.0,,1.0,,,2.0,,,1.0,,,,1.0,1.0,,,,,2.0,1.0,,,3.0,1.0,1.0,,
46.5,,,1.0,,,,2.0,,,,1.0,,1.0,1.0,1.0,,,,,,,,4.0,,1.0,3.0,3.0,3.0,,,,,1.0,,,2.0,,,,,,1.0,,,1.0,,,1.0,,,1.0,,,,1.0,,,1.0,,,,,,,,2.0,1.0,4.0,,1.0,,,1.0,2.0,,,1.0,,2.0,1.0,2.0,,,,,,3.0,1.0,,,2.0,,,,,,5.0,,,,5.0,,2.0,,1.0
47.0,2.0,1.0,,,,,2.0,,1.0,,3.0,,,,1.0,1.0,2.0,,,,,,,1.0,1.0,,1.0,1.0,,,,,1.0,,1.0,,,1.0,,,,2.0,,3.0,,,,1.0,2.0,,1.0,,,,2.0,,2.0,1.0,,3.0,,,,,2.0,4.0,,2.0,,5.0,,,2.0,5.0,,,,3.0,2.0,,6.0,,,,,,,2.0,2.0,2.0,5.0,1.0,,,,1.0,,,,,,1.0,,,
47.5,,,1.0,2.0,,,2.0,1.0,1.0,,1.0,,2.0,2.0,1.0,,2.0,,,,,,2.0,1.0,1.0,2.0,1.0,1.0,,,,,,,,1.0,,,,,,4.0,,,,,,,2.0,,,,,1.0,,,,1.0,,,,,,,1.0,,,,,1.0,,,,,,,,,2.0,,4.0,,,,,,,1.0,,,4.0,,,,,,2.0,,,1.0,,,,,
48.0,3.0,1.0,2.0,2.0,,,1.0,1.0,1.0,,2.0,,,,1.0,1.0,1.0,,,1.0,,1.0,5.0,2.0,2.0,3.0,,,,,,,,,,1.0,,1.0,,2.0,,,,1.0,,,,,2.0,,,1.0,,,,,1.0,3.0,,1.0,,,1.0,,,3.0,,,,3.0,,1.0,1.0,3.0,,,1.0,1.0,1.0,,4.0,3.0,,3.0,,1.0,1.0,2.0,1.0,,3.0,,,,1.0,,2.0,2.0,1.0,,2.0,3.0,2.0,2.0,
48.5,,,,2.0,,,2.0,,,,,,,,,,2.0,,,,,,1.0,,2.0,1.0,,,,,,,,,,,,,,2.0,,,,,1.0,,,,,,,,,,,,,1.0,,,,,,,,1.0,,1.0,,1.0,,,,3.0,,,,,,,3.0,,,,,,,,,,3.0,,3.0,,,1.0,2.0,,,,1.0,,3.0,,
49.0,,1.0,4.0,2.0,,1.0,1.0,1.0,1.0,,,,,,4.0,1.0,,,,,,1.0,2.0,2.0,1.0,,,3.0,,,,1.0,,,,,,1.0,1.0,1.0,,,,2.0,,,1.0,,1.0,,,,,,,,1.0,2.0,,,,1.0,2.0,,1.0,,,2.0,1.0,4.0,,1.0,2.0,2.0,,,1.0,6.0,2.0,,2.0,2.0,,1.0,,1.0,,,,,,,,,2.0,,1.0,,,,2.0,3.0,,1.0,
49.5,,,,1.0,,,2.0,,,,,,,,1.0,,1.0,,,,,,,,1.0,2.0,1.0,1.0,,,,,,,,1.0,,,,2.0,,1.0,,,1.0,,,,1.0,,,,,,,,1.0,2.0,,,,,,,,1.0,,,,2.0,,,2.0,4.0,1.0,,1.0,,1.0,1.0,1.0,,,1.0,,,2.0,,,,1.0,,3.0,,1.0,1.0,2.0,,,1.0,1.0,,2.0,,
50.0,,,1.0,5.0,,,1.0,,1.0,,1.0,,,,,,,,,,2.0,,,2.0,,,,2.0,,,,,,1.0,,3.0,,3.0,,1.0,,1.0,,1.0,,,,1.0,,,,,,,2.0,,1.0,2.0,,,,3.0,3.0,,,1.0,,3.0,,7.0,,,,,,,,1.0,2.0,,6.0,1.0,,3.0,,,1.0,1.0,,,2.0,2.0,2.0,,,1.0,1.0,,2.0,,4.0,1.0,,,
50.5,,,3.0,1.0,,1.0,,1.0,,,,,,,,1.0,,,,,,,,1.0,,1.0,1.0,1.0,,,,,2.0,,,,,,,,,2.0,,,,,,,1.0,,,1.0,,,,,,5.0,,,,,1.0,,,2.0,,,,5.0,1.0,,,,1.0,,2.0,,,,2.0,,,1.0,,1.0,1.0,1.0,1.0,,2.0,,1.0,,,1.0,1.0,,,,,,,,
51.0,1.0,,1.0,3.0,,,1.0,,,,,,1.0,1.0,1.0,,,,,,3.0,,1.0,2.0,,1.0,,,,,,,,1.0,,3.0,,3.0,,,,1.0,,3.0,,,1.0,,1.0,,,,,,2.0,,,2.0,,,,,,,,,,1.0,1.0,2.0,2.0,,3.0,4.0,,,,3.0,2.0,3.0,1.0,1.0,,5.0,,,1.0,,1.0,,1.0,1.0,3.0,,1.0,,2.0,1.0,,,4.0,3.0,1.0,1.0,1.0
51.5,,1.0,,6.0,,1.0,1.0,1.0,1.0,,,,,,,,6.0,,,,,,2.0,,,3.0,,,,,,1.0,,,,1.0,,,,,,,,,,,,2.0,,,,,,,1.0,,1.0,2.0,,,,,1.0,,,2.0,,4.0,2.0,2.0,1.0,,,,,,,2.0,1.0,1.0,,,,,,,4.0,,,,,,,,,,4.0,,,,3.0,,,,1.0
52.0,1.0,,2.0,5.0,,,,1.0,,,,,1.0,1.0,1.0,,,,,,,,2.0,1.0,,,,,,,,,,,1.0,1.0,,,,2.0,,2.0,,1.0,,,,1.0,,,,1.0,,,2.0,,1.0,,,1.0,,,1.0,,,,,2.0,,1.0,4.0,,3.0,1.0,,,1.0,5.0,1.0,3.0,3.0,1.0,,3.0,,,1.0,3.0,1.0,,2.0,,,,1.0,1.0,,1.0,,,2.0,,1.0,1.0,
52.5,,1.0,,2.0,,,3.0,2.0,1.0,,1.0,,,,,,3.0,,,,,,,,2.0,,,,,,,,,1.0,,,,,,2.0,,,1.0,,,,,,,,,,,,2.0,,1.0,2.0,,1.0,,,2.0,,,,,,,2.0,,,5.0,5.0,,,2.0,,2.0,,2.0,,,,,,,,,,,,4.0,,,2.0,,,,,,1.0,1.0,,1.0
53.0,,,2.0,3.0,,1.0,,,,,2.0,,,,,,,,,1.0,1.0,,1.0,,,,,2.0,,,,,,,1.0,5.0,,,,1.0,,3.0,,,,,,,2.0,,,1.0,,,1.0,1.0,,2.0,,1.0,,1.0,,,1.0,1.0,,1.0,,1.0,,,1.0,1.0,,,2.0,1.0,,1.0,1.0,1.0,,,,,1.0,1.0,,,3.0,2.0,,,,3.0,,,1.0,,1.0,4.0,,,
53.5,,1.0,,1.0,,,3.0,1.0,,,2.0,,,,,,1.0,,,1.0,,,,,3.0,5.0,,1.0,,,,,,,,2.0,,1.0,,3.0,,2.0,,,,,,,2.0,,,1.0,,,1.0,1.0,,4.0,,,,,,,,,,1.0,,4.0,,,5.0,8.0,,,3.0,1.0,4.0,,2.0,,,1.0,2.0,1.0,1.0,,,,2.0,,3.0,,,2.0,3.0,,2.0,,,,3.0,1.0,1.0
54.0,,,,3.0,,1.0,3.0,,1.0,,2.0,,,,1.0,,2.0,,,,,3.0,1.0,1.0,,2.0,,,,,,,,,,3.0,,,,1.0,,,,1.0,,,1.0,,,,,1.0,,,,,1.0,1.0,,,,1.0,1.0,,1.0,1.0,,1.0,,,,,2.0,1.0,,,,,3.0,1.0,2.0,,,3.0,,2.0,,,,,,1.0,4.0,,,,,,,,,1.0,,,
54.5,,1.0,,3.0,,,,,,,,,,,1.0,,,,,,,,2.0,,,4.0,,1.0,,,,,,,,3.0,,,,1.0,,2.0,,,,,,,,,,,,,,,,3.0,,,,,,,,,,,,3.0,4.0,,,1.0,,,1.0,,,1.0,2.0,1.0,,1.0,2.0,1.0,,2.0,1.0,,2.0,,,,,,2.0,,2.0,1.0,,,1.0,1.0,2.0
55.0,2.0,,1.0,4.0,,,,,,,1.0,,1.0,1.0,,,2.0,,,2.0,,1.0,1.0,,,2.0,,3.0,2.0,,,,,2.0,,,,1.0,1.0,,2.0,3.0,,1.0,,,,,1.0,,,1.0,,,,1.0,1.0,4.0,,,,1.0,,,2.0,,,1.0,1.0,1.0,,,3.0,1.0,,,,2.0,1.0,1.0,1.0,1.0,,1.0,,,,1.0,,,3.0,4.0,3.0,,,1.0,2.0,2.0,,,1.0,4.0,2.0,,
55.5,,,,4.0,,,1.0,,,,1.0,,,,1.0,,1.0,,,,,,4.0,,1.0,4.0,,1.0,,,,,,,,1.0,,,,1.0,,2.0,,,,,,,,,,1.0,,,,1.0,,2.0,,,,,,,,,1.0,,,2.0,4.0,,1.0,3.0,1.0,,,,1.0,2.0,,,,1.0,,,,,,,2.0,1.0,2.0,,,1.0,1.0,,,1.0,,,2.0,,2.0
56.0,,,,1.0,,,1.0,1.0,,,1.0,,,,,,1.0,,,1.0,,,1.0,1.0,1.0,2.0,,4.0,2.0,,,,,2.0,,2.0,,,,,2.0,1.0,,,,,,,1.0,,,,,,4.0,1.0,,3.0,,,,1.0,,,1.0,,,,1.0,,,,2.0,,,,,1.0,4.0,1.0,1.0,,,3.0,,1.0,,,,,1.0,1.0,1.0,,1.0,,,,,1.0,1.0,5.0,,,
56.5,,1.0,,2.0,1.0,,1.0,,,,2.0,,,,,,1.0,,,,,,,,1.0,2.0,,1.0,,,,,,1.0,,1.0,,,,1.0,,,,,,,,,,,,,,,,1.0,,2.0,,1.0,,,2.0,,,,2.0,1.0,2.0,2.0,1.0,,2.0,5.0,,,3.0,,1.0,,2.0,,,,2.0,,1.0,,,,,,2.0,,,1.0,2.0,,1.0,,,,3.0,,2.0
57.0,1.0,,1.0,,,,2.0,1.0,1.0,,1.0,,,,1.0,,2.0,,,,,,,,2.0,1.0,,5.0,4.0,,,,,1.0,,,,,,,4.0,,,,,,1.0,1.0,,,,1.0,,,1.0,,,6.0,,,,1.0,,,1.0,,,,,,1.0,,1.0,,2.0,,,3.0,4.0,,1.0,,,7.0,,,,,,,,3.0,5.0,,1.0,1.0,1.0,1.0,,,3.0,2.0,1.0,2.0,
57.5,,,1.0,3.0,1.0,1.0,4.0,1.0,,,,,1.0,1.0,,,1.0,,,2.0,,,1.0,,2.0,2.0,,,,,,,,1.0,,2.0,,2.0,,1.0,,,,,,,,2.0,,,,,,,2.0,,1.0,3.0,,,,,1.0,,,,1.0,1.0,2.0,3.0,2.0,,2.0,3.0,1.0,,,,4.0,,,,,3.0,2.0,,,,,,,,1.0,,1.0,,2.0,,1.0,,,,1.0,2.0,2.0
58.0,,,,,,,,1.0,1.0,,2.0,,,,,1.0,,,,,1.0,1.0,,1.0,,2.0,,2.0,2.0,,,,,,,,1.0,,,,2.0,,,,,,,,,,,,,,2.0,,1.0,4.0,,,,1.0,,,1.0,,,,,1.0,,,1.0,,,,,1.0,3.0,,,1.0,,6.0,4.0,1.0,,,1.0,,,1.0,5.0,,1.0,2.0,,,,1.0,,8.0,,2.0,
58.5,,,,2.0,,,,,,,,,,,,1.0,,,,4.0,,,2.0,,,1.0,1.0,1.0,2.0,,,,,,,1.0,,,,1.0,2.0,1.0,1.0,,,,,2.0,,,,,,,1.0,,,3.0,,,,,,,,,,,1.0,3.0,2.0,,4.0,4.0,,,,1.0,,,1.0,,,,,1.0,,1.0,,,1.0,2.0,1.0,,,,3.0,,1.0,,,,1.0,,1.0
59.0,,,,,,,,1.0,1.0,,1.0,,,,,,,,,2.0,,1.0,2.0,1.0,,2.0,,1.0,1.0,,,,,1.0,1.0,,1.0,,,2.0,1.0,3.0,,,,,,,2.0,,,1.0,,,5.0,,,2.0,,1.0,,,2.0,,1.0,,,,1.0,,1.0,1.0,,,,,2.0,3.0,2.0,1.0,,,,3.0,2.0,,,1.0,1.0,,3.0,3.0,7.0,,,2.0,1.0,,1.0,,3.0,5.0,,,
59.5,,1.0,,3.0,,,1.0,,,,,,,,,,,1.0,,1.0,,,1.0,,,2.0,1.0,2.0,3.0,,,,,1.0,,,,,,,3.0,,,,,,,1.0,,,,,,,,,,,,1.0,,,2.0,,,,,2.0,1.0,,3.0,,2.0,2.0,,,1.0,,1.0,,1.0,1.0,,2.0,1.0,,2.0,,,,,1.0,1.0,,,1.0,1.0,,,,,,,1.0,
60.0,,1.0,1.0,4.0,,1.0,,,1.0,,,,,,,,6.0,,,2.0,,1.0,2.0,,,2.0,,1.0,1.0,,,1.0,,1.0,1.0,,,,,,1.0,1.0,,,,,,,1.0,,,1.0,,2.0,2.0,,,2.0,,1.0,,1.0,,,1.0,,1.0,1.0,,,1.0,1.0,4.0,,,,,1.0,1.0,6.0,,1.0,,2.0,2.0,,,,,,1.0,1.0,7.0,,,,1.0,,,2.0,2.0,8.0,,,
60.5,,,,,,,1.0,,,,,,2.0,2.0,,,,,,3.0,,,,,,2.0,,1.0,1.0,,,,,1.0,,,,,,2.0,1.0,1.0,,,,,,1.0,,,,,,,,,1.0,,,1.0,,,1.0,,,,,1.0,1.0,,,,3.0,3.0,,,,1.0,2.0,,1.0,,,2.0,1.0,,,,,,1.0,,2.0,,,,,,2.0,,,,,1.0,
61.0,,1.0,,2.0,1.0,2.0,2.0,,,,,,,,1.0,,2.0,,,4.0,,,,,2.0,1.0,,,,,,,,,,2.0,,3.0,,,,1.0,2.0,,,,,,,,,1.0,,2.0,,,,5.0,,,,,2.0,,1.0,,1.0,1.0,1.0,,1.0,,4.0,,1.0,,,,4.0,3.0,,,,1.0,1.0,,2.0,1.0,2.0,,1.0,2.0,7.0,,,1.0,,,1.0,,,3.0,,,1.0
61.5,,,,6.0,,,,1.0,,,,,,,1.0,1.0,4.0,,,3.0,,,3.0,,,2.0,,,,,,1.0,,,2.0,,,,,,,1.0,,,,,,1.0,,,,,,,,2.0,,2.0,,,,,,,,,2.0,,2.0,2.0,4.0,,1.0,,,,,2.0,,2.0,,,,,,,,,,,1.0,,,,,,1.0,,1.0,,,,,,
62.0,,,1.0,2.0,,,,,1.0,,2.0,,1.0,1.0,1.0,,2.0,,,3.0,,2.0,,1.0,,3.0,,,1.0,,,,,,,4.0,3.0,2.0,,,1.0,1.0,1.0,,,,,,1.0,,,1.0,,,3.0,,,5.0,,,,1.0,,,,,3.0,1.0,1.0,,4.0,1.0,4.0,,,,2.0,,2.0,4.0,,1.0,,3.0,1.0,3.0,,,1.0,,1.0,1.0,1.0,,,,,,,3.0,,5.0,,,
62.5,,,,2.0,,,,,,,,,,,,,1.0,,,1.0,,,3.0,,,4.0,,,1.0,,,,,,,,,,,,1.0,,,1.0,,,,,,,,,,,3.0,1.0,3.0,1.0,,,,,,,,,1.0,,2.0,1.0,1.0,,,,1.0,,,1.0,2.0,,,,,3.0,,2.0,,,,,,2.0,,,,,3.0,,,1.0,,,,2.0,
63.0,,1.0,2.0,,1.0,,,,,,,,1.0,1.0,,1.0,,2.0,,1.0,,1.0,1.0,1.0,,4.0,,1.0,1.0,,,,,,,2.0,1.0,,,,1.0,,,,,,2.0,,,,,1.0,,,1.0,,,3.0,,,,2.0,,,1.0,,,2.0,1.0,,,,4.0,,,,,,3.0,,,1.0,,4.0,,1.0,,,1.0,,,5.0,4.0,,,,2.0,,,,2.0,5.0,,,1.0
63.5,,,,1.0,,2.0,1.0,,,,1.0,,,,2.0,1.0,1.0,,,2.0,,,,,1.0,,1.0,1.0,3.0,,,,,,,,,1.0,,,3.0,1.0,,1.0,,,,1.0,,,,1.0,,,2.0,1.0,3.0,,,,,,1.0,,,,3.0,,,,,,,,1.0,,,1.0,1.0,1.0,,,,1.0,2.0,2.0,,1.0,,,1.0,1.0,,,,,,,,3.0,,,,,
64.0,,,,,,1.0,2.0,,,,1.0,,,,,,,,,3.0,1.0,2.0,2.0,1.0,1.0,4.0,,8.0,9.0,,,,,1.0,1.0,2.0,,,,,9.0,2.0,1.0,,,,,1.0,1.0,,,,,,,,,4.0,,1.0,,,1.0,,2.0,,2.0,4.0,1.0,,,,2.0,,,,2.0,1.0,3.0,,,,,3.0,4.0,1.0,,4.0,,,2.0,3.0,5.0,,,,4.0,,,,3.0,6.0,,,
64.5,,,1.0,,,,,,,,1.0,,,,,1.0,,,,2.0,,,,1.0,,1.0,,,2.0,,,,,,,,,1.0,,,2.0,,,,,,,,,,,,,,,2.0,1.0,,,,,,,,,,2.0,,,,,1.0,,,1.0,,1.0,2.0,,,,,,1.0,,2.0,,,,,,2.0,1.0,,,,,,,,,,,,
65.0,,2.0,1.0,,2.0,,1.0,,,,2.0,,1.0,1.0,3.0,1.0,1.0,,,1.0,,4.0,,,1.0,2.0,,3.0,5.0,,,,,1.0,,,1.0,,,,5.0,,3.0,,1.0,,,1.0,,,,,,,,,1.0,2.0,,,,2.0,1.0,,1.0,,,1.0,3.0,,1.0,,6.0,,2.0,,,1.0,4.0,3.0,,,,3.0,2.0,1.0,1.0,,1.0,,,1.0,5.0,,,,2.0,,,,2.0,3.0,,,
65.5,,,,3.0,,,,,,,,,,,1.0,,2.0,,,5.0,,,1.0,,,2.0,,,1.0,,,,,,,,,,,,1.0,1.0,,,,,,3.0,,,,,,,,,,,,,,,,,,,,,1.0,,1.0,,1.0,,,,1.0,4.0,,,,,,,,,,,,,1.0,1.0,1.0,,,,1.0,,,,,,,,
66.0,,2.0,1.0,,,1.0,,2.0,,,1.0,,,,1.0,,,2.0,,8.0,1.0,,,1.0,,2.0,2.0,4.0,3.0,,,,,,,,1.0,,,,3.0,,,,1.0,,2.0,1.0,,,,,,5.0,,,2.0,3.0,,,,,,,,,2.0,,2.0,,3.0,,2.0,,,,,,2.0,5.0,,,,1.0,2.0,1.0,,,3.0,,,,3.0,,,,1.0,,,1.0,2.0,7.0,,,
66.5,,,1.0,,,,,,,,,,1.0,1.0,,,,,,3.0,,,1.0,1.0,,1.0,,2.0,3.0,,,,,,1.0,,1.0,,,,3.0,,,,,,,,,,,,,2.0,,,,,,,,,,,,,,2.0,,,,2.0,,,,,1.0,1.0,1.0,,,,,2.0,,,2.0,1.0,,,,1.0,1.0,,,1.0,,,2.0,,,,,,
67.0,,,1.0,,1.0,,,,,,1.0,,,,,,,,,5.0,,1.0,2.0,1.0,,5.0,2.0,1.0,4.0,,,2.0,,,1.0,,1.0,,,,4.0,,,,1.0,,3.0,4.0,,,,,,3.0,1.0,2.0,1.0,3.0,,1.0,,,1.0,,,,5.0,2.0,5.0,,2.0,,4.0,,2.0,,1.0,,1.0,1.0,,,,6.0,,1.0,1.0,,1.0,,,3.0,6.0,,,,3.0,,,,2.0,4.0,,,
67.5,,,1.0,1.0,,,,,,,2.0,,1.0,1.0,1.0,,1.0,,,1.0,,,,1.0,,1.0,,,1.0,,,,,,,,,,,,1.0,,2.0,,2.0,,2.0,1.0,,,,,,,1.0,,2.0,,,,,,,,,,,,,,,,1.0,,1.0,,,2.0,,,,,,1.0,,3.0,2.0,,,,,,,,,,1.0,,,,,,,,
68.0,,,1.0,,,,1.0,,,,2.0,,,,1.0,,1.0,,,5.0,,,1.0,,1.0,1.0,,1.0,,,,1.0,,,,,,2.0,,,,,,,3.0,1.0,,,,,,,,2.0,2.0,4.0,1.0,,,,,,1.0,,,,6.0,2.0,3.0,,3.0,,3.0,,2.0,,3.0,,3.0,1.0,,,,3.0,2.0,,1.0,2.0,,,,,2.0,,,,1.0,,,5.0,1.0,7.0,,,
68.5,,,,1.0,,,1.0,,,,,,,,1.0,,1.0,,,2.0,1.0,,1.0,,,3.0,,,3.0,,,,,,,,,1.0,,,3.0,,1.0,,3.0,1.0,2.0,,,,,,,2.0,,,,,,,,,,,,,,,,,,1.0,,,,,1.0,2.0,1.0,1.0,,,,,,,,,2.0,,,,1.0,,,,2.0,,,,,,,,
69.0,,1.0,1.0,,2.0,,,,,,5.0,,,,1.0,,,,,6.0,,,3.0,1.0,,3.0,2.0,2.0,2.0,,,1.0,,,2.0,,,1.0,,,2.0,,,1.0,1.0,,2.0,2.0,,,,,,2.0,2.0,1.0,2.0,,,1.0,,,,,,,2.0,1.0,6.0,,1.0,,2.0,,,,2.0,1.0,,,,,,4.0,,2.0,2.0,,3.0,,,,2.0,,,,1.0,,,1.0,,6.0,,,
69.5,,,,,,,2.0,1.0,,,,,,,,,,1.0,,4.0,,,1.0,,1.0,2.0,1.0,,1.0,,,1.0,,,1.0,,,,,,1.0,,2.0,1.0,,,1.0,,,,,,,1.0,2.0,,1.0,,,,,,,,,,2.0,3.0,1.0,,,,1.0,,1.0,1.0,,3.0,1.0,,,,,1.0,,3.0,,2.0,1.0,,,1.0,,,,,,,1.0,,,1.0,,,
70.0,,1.0,2.0,,,1.0,,,,,,,,,1.0,2.0,,1.0,,3.0,,3.0,2.0,,,1.0,2.0,1.0,1.0,,,,,,1.0,,1.0,3.0,,2.0,1.0,,,,1.0,1.0,,2.0,,,,,,6.0,3.0,1.0,,,,1.0,,,,,,,3.0,2.0,2.0,,2.0,1.0,5.0,,,1.0,2.0,,,,,,,1.0,,,2.0,,1.0,,,,1.0,,,,,,,1.0,,8.0,,,
70.5,2.0,,,,,,3.0,,,,2.0,,,,,1.0,1.0,,,3.0,,,,,3.0,,,2.0,5.0,,,,,,2.0,,,,,,5.0,,,2.0,1.0,,1.0,,,,,,1.0,3.0,3.0,1.0,,,,2.0,,,,,,,,2.0,,,,1.0,,,,1.0,2.0,2.0,,,,,,,,1.0,4.0,,2.0,,,,,,,,,,1.0,2.0,,,,,1.0
71.0,,,1.0,,3.0,1.0,,,,,2.0,,,,1.0,1.0,,,,,1.0,6.0,1.0,,,2.0,,3.0,2.0,,,,,,,,,,,2.0,2.0,,,,,2.0,3.0,1.0,,,,,2.0,5.0,2.0,1.0,3.0,,,,,,1.0,,,,4.0,1.0,6.0,,,,5.0,,1.0,,,,,1.0,,,,4.0,,1.0,3.0,,2.0,,,1.0,1.0,,,,,,,2.0,,2.0,,,1.0
71.5,,,,,,,,2.0,,,,,,,,,,,,3.0,,,,,,4.0,,,3.0,,,,,,2.0,,1.0,1.0,,,3.0,,,1.0,,,,,,,,,,1.0,,,,,,2.0,,,,,,,1.0,1.0,,,,,,,,,,1.0,1.0,,,,,,,1.0,,,1.0,,,3.0,,,,1.0,1.0,,2.0,,,,,,
72.0,,1.0,,,3.0,,1.0,2.0,2.0,,,,,,,4.0,1.0,,,4.0,,6.0,1.0,1.0,,3.0,,,,,,1.0,,,,,,,,,,,,,,2.0,,2.0,,,,,,3.0,3.0,1.0,3.0,,,,,,3.0,,,,1.0,,3.0,,,,2.0,,,2.0,2.0,,1.0,,,,,1.0,,1.0,2.0,,7.0,,,1.0,,,,2.0,,,,2.0,,6.0,,,1.0
72.5,,,,,,,1.0,1.0,,,,,,,,,,1.0,,2.0,,,2.0,,1.0,3.0,,,1.0,,,,,,,,1.0,1.0,,,1.0,,,2.0,,,,,,,,,,3.0,1.0,3.0,,,,,,,,,,,4.0,3.0,,,,1.0,,,2.0,,1.0,1.0,1.0,,,,,,,,1.0,,2.0,,,1.0,,,,,,,1.0,2.0,,,,,
73.0,,,1.0,,,,,,4.0,,,,,,,,1.0,,,1.0,2.0,2.0,2.0,1.0,,1.0,,2.0,,,,3.0,,,,,,,,,,,,,,1.0,1.0,3.0,,,,,1.0,2.0,,7.0,,,,,,,2.0,,,,4.0,1.0,5.0,,,2.0,2.0,,4.0,2.0,,,,1.0,,,,,,,,1.0,5.0,,,,,,,,,,,2.0,,,,,
73.5,,,,,,,2.0,1.0,,,2.0,,,,,,,2.0,,3.0,,,1.0,,2.0,1.0,,,3.0,,,,,,,,2.0,,,,3.0,,,2.0,1.0,,,,,,,,,5.0,4.0,,,,,,,,,,,,,,,,,1.0,,,1.0,,3.0,,1.0,,,,,1.0,,2.0,3.0,1.0,4.0,,,2.0,,,,,,,3.0,2.0,,,,,
74.0,,,,,2.0,2.0,4.0,5.0,,,2.0,,,,,1.0,3.0,,,1.0,,,,,4.0,1.0,,,,,,1.0,,,,,,,,,,,2.0,,1.0,,,,,,,,2.0,8.0,1.0,10.0,1.0,,,,,,2.0,,,,8.0,2.0,4.0,,,,1.0,,8.0,1.0,,,2.0,4.0,,,,1.0,,,7.0,3.0,13.0,,,,,,,,,,,4.0,,3.0,,,
74.5,,,,,2.0,,1.0,4.0,,,1.0,,,,,,,1.0,,,,,1.0,,,1.0,,2.0,3.0,,,,,,1.0,,1.0,,,,3.0,,,,,,,,,,,,,,,,,,,,,,,,,,,,2.0,,,,,,,,3.0,,1.0,,,,,2.0,,,2.0,,,,,5.0,,,,,,,,,,,,,
75.0,1.0,,,,,,,,,,3.0,,,,,,,,,1.0,1.0,4.0,2.0,,,1.0,3.0,,1.0,,,3.0,,,1.0,,,4.0,,,1.0,,,1.0,,1.0,,1.0,,,,,1.0,2.0,,2.0,1.0,,,,,,2.0,,,,3.0,1.0,1.0,,,,,,2.0,1.0,4.0,,1.0,,,,,,,,8.0,1.0,3.0,,,,,,,1.0,,,1.0,5.0,,,,,
75.5,,,,,2.0,,4.0,,,,,,,,,1.0,1.0,,,1.0,,,,,4.0,,,,,,,,,,,,,,,,,,,,,,,,,,,,,4.0,2.0,,1.0,,,,,,,,,,,,2.0,,,,,,,,2.0,,,,,,,,,1.0,2.0,,5.0,,,,,,,,,,1.0,,,,,,1.0
76.0,1.0,,,,2.0,,1.0,,2.0,,2.0,,,,,,,3.0,,,2.0,5.0,,,1.0,,2.0,3.0,1.0,,,5.0,,,4.0,,,,,10.0,1.0,,1.0,,1.0,2.0,1.0,,,,,,,,1.0,,,,,4.0,,,2.0,,,,,,2.0,,,,,,,,,,2.0,1.0,,2.0,,,,1.0,1.0,8.0,2.0,,,1.0,,,,,,,2.0,4.0,,,,,2.0
76.5,2.0,,,,,,4.0,,,,2.0,,,,,,2.0,,,1.0,,,1.0,,4.0,,2.0,,,,,,,,5.0,,,,,,,,1.0,1.0,,,,,,,,,,,,2.0,1.0,,,4.0,,,,,,,1.0,3.0,,,,,,,2.0,,4.0,,1.0,,,,,,,,4.0,,,,,,,,,,,,1.0,,,,,,2.0
77.0,1.0,,,,1.0,,3.0,2.0,3.0,,3.0,,,,,3.0,,3.0,,,2.0,14.0,2.0,,3.0,,3.0,1.0,2.0,,,4.0,,,4.0,,,1.0,,,2.0,,,1.0,1.0,1.0,1.0,1.0,,,,,2.0,2.0,1.0,1.0,,,,4.0,,,3.0,,,,1.0,,,,,1.0,,,,,4.0,,,2.0,,,,2.0,,,2.0,,4.0,,,2.0,,,,1.0,,,2.0,5.0,,,,,3.0
77.5,,,,,,,3.0,,1.0,,1.0,,,,,,,,,,,,,,2.0,,,,,,,,,,,,,,,,,,,,,,,,,,,,1.0,1.0,1.0,3.0,1.0,,,,,,,,,,,,,,,2.0,,,2.0,,7.0,,2.0,,,,,,,1.0,6.0,,,,,,,,,,,,,,,,,,
78.0,,,,,3.0,,1.0,,1.0,,1.0,,,,2.0,1.0,2.0,2.0,,,,5.0,,,1.0,,,1.0,1.0,,,,,,2.0,,,,,,1.0,,,,1.0,1.0,,3.0,,,,,1.0,2.0,,3.0,,,,,,,,,,,1.0,,,,,1.0,,,3.0,3.0,,,,,,,,2.0,,,,,3.0,,,2.0,,,,,,,5.0,7.0,,,,,3.0
78.5,1.0,,,,,,2.0,1.0,1.0,,,,,,,,,1.0,,,1.0,,,,2.0,,1.0,,,,,,,,2.0,,,,,,,,,2.0,,,,,,,,,1.0,4.0,2.0,3.0,2.0,,,2.0,,,,,,,2.0,2.0,,,,2.0,,,3.0,,2.0,,,1.0,,,,,,,2.0,,2.0,,,,,,,,,,,2.0,,,,,
79.0,,,,,2.0,2.0,,,,,,,,,,,5.0,,,,2.0,7.0,2.0,,,,,2.0,3.0,,,1.0,,,2.0,,,,,4.0,3.0,,2.0,2.0,,1.0,1.0,1.0,,,,,,,,8.0,1.0,,,,,,,,,,2.0,3.0,,,,,,,10.0,,,,1.0,,,,,2.0,4.0,1.0,,3.0,,,,1.0,,,,,,,3.0,11.0,,,,,2.0
79.5,1.0,,,,4.0,,1.0,1.0,2.0,,4.0,,,,,,,,,,,,,,1.0,,,1.0,1.0,,,,,,,,,,,,1.0,,3.0,,,,,,,,,,1.0,1.0,1.0,4.0,,,,,,,,,,,2.0,,4.0,,,3.0,,,4.0,,6.0,,1.0,,,,,,,,2.0,,,,,1.0,,,,,,,,,,,,,
80.0,,,,,6.0,2.0,2.0,2.0,2.0,,2.0,,,,,2.0,4.0,,,,,8.0,2.0,,2.0,,,,,,,3.0,,,1.0,,,,,2.0,,,,1.0,,1.0,1.0,2.0,,,,,,4.0,,2.0,1.0,,,1.0,,,,,,,4.0,,,,,,,,2.0,,,,,1.0,,1.0,,,,,3.0,,4.0,,,,,,,,,,,5.0,,,,,4.0
80.5,1.0,,,,4.0,,2.0,2.0,,,,,,,,,1.0,2.0,,,,,,,2.0,,2.0,,1.0,,,2.0,,,6.0,,,,,,1.0,,2.0,2.0,1.0,,,,,,,,,,,3.0,,,,5.0,,2.0,,,,,3.0,2.0,4.0,,,,,,4.0,,,,,,,,,1.0,,,,,2.0,,,,,,,,,,,2.0,,,,,1.0
81.0,,,,,5.0,2.0,1.0,,3.0,,1.0,,,,,1.0,5.0,1.0,,,3.0,2.0,1.0,,1.0,,,,,,,2.0,,1.0,,,,2.0,,2.0,,,1.0,1.0,3.0,,,2.0,,,,,,1.0,,2.0,,,,,,,1.0,,,,,,,,,,,,6.0,,,,1.0,2.0,,,,,,,,1.0,3.0,,,1.0,,,,,,,,2.0,,,,,2.0
81.5,1.0,,,,,,3.0,4.0,2.0,,,,,,,1.0,,1.0,,,2.0,,1.0,,3.0,,1.0,,1.0,,,2.0,,,4.0,,,,,2.0,1.0,,,1.0,,,1.0,,,,,,1.0,,,2.0,,,,2.0,,1.0,,,,,,,,,,2.0,,,3.0,,,,,,,,,,,,,,2.0,,,2.0,,,,,,,,,,,,,
82.0,2.0,,,,7.0,,,,3.0,,4.0,,,,,3.0,,,,,4.0,7.0,,,,,,,1.0,,,2.0,,1.0,5.0,,,,,2.0,1.0,,,,,1.0,2.0,1.0,,,,,,4.0,,2.0,,,,2.0,,,,,,,1.0,1.0,,,,4.0,,,2.0,2.0,,,1.0,,,2.0,,,2.0,2.0,1.0,4.0,,,,,,,,,,,,4.0,,,,,4.0
82.5,,,,,,,1.0,3.0,4.0,,,,,,,1.0,1.0,,,,,,,,1.0,,,1.0,2.0,,,4.0,,,8.0,,,,,,2.0,,,,1.0,,4.0,,,,,,,,,,1.0,,,5.0,,,,,,,,,,,,7.0,,,,1.0,,,1.0,,,,,1.0,,,,,2.0,,,2.0,,,,,,,,,,,,,1.0
83.0,,,,,6.0,2.0,,2.0,4.0,,,,,,,4.0,3.0,1.0,,,4.0,8.0,,,,,,,,,,4.0,,,5.0,,,2.0,,,,,2.0,1.0,,,,1.0,,,,,,2.0,,2.0,2.0,,,4.0,,,,,,,1.0,,,,,2.0,,,6.0,,,,,3.0,,2.0,,,,,2.0,3.0,,,,2.0,,,,,,,1.0,4.0,,,,,
83.5,,,,,,1.0,2.0,,6.0,,,,,,,,,1.0,,,2.0,,,,2.0,,1.0,1.0,2.0,,,,,,2.0,,,,,2.0,2.0,,2.0,,,,1.0,,,,,,,,1.0,1.0,,,,2.0,,1.0,1.0,,,,,1.0,,,,6.0,,,2.0,,,,,,,,,,,1.0,,,,,,1.0,,,,,,,,,,,,,
84.0,,,,,9.0,6.0,,5.0,1.0,,,,,,,,2.0,,,,1.0,3.0,,,,,,,1.0,,,2.0,,1.0,6.0,,,,,,1.0,,1.0,,1.0,,,1.0,,,,,1.0,1.0,,,,,,3.0,,,1.0,,,,,1.0,,,,1.0,,,4.0,,2.0,,,3.0,,1.0,,1.0,,,2.0,3.0,,,,2.0,,,,,,,1.0,6.0,,,,,2.0
84.5,1.0,,,,,1.0,,2.0,2.0,,,,,,,,,,,,,,1.0,,,,,,,,,2.0,,1.0,4.0,,,,,,,,2.0,1.0,2.0,,,,,,,,1.0,,3.0,5.0,2.0,,,3.0,,,1.0,,,,3.0,,,,,4.0,,,5.0,,,,,,,,,,4.0,1.0,,,2.0,,,,,,,,,,,,,,,,1.0
85.0,1.0,,,,10.0,6.0,,2.0,1.0,,,,,,,,2.0,2.0,,,3.0,5.0,1.0,,,,,1.0,1.0,,,,,,1.0,,,,,,1.0,,,1.0,1.0,,,1.0,,,,,,,1.0,1.0,1.0,,,,,,3.0,,,,4.0,1.0,,,,2.0,,,2.0,,2.0,,,,,,,,2.0,,,7.0,,,,,,,,,,,,6.0,,,,,
85.5,1.0,,,,,2.0,,6.0,4.0,,,,,,,,,,,,2.0,,,,,,,,,,,2.0,,,6.0,,,,,2.0,,,3.0,,1.0,,4.0,,,,,,,2.0,1.0,,1.0,,,4.0,,,,,,,1.0,1.0,,,,7.0,,,3.0,1.0,,,,,,,,,,,,1.0,4.0,,,,,,,,,,,,,,,,1.0
86.0,2.0,,,,11.0,2.0,,4.0,1.0,,,,,,,1.0,,2.0,,,4.0,2.0,1.0,,,,4.0,,,,,,,1.0,6.0,,,,,,,,,1.0,,,,,,,,,,,1.0,,1.0,,,,,,,,,,,,,,,6.0,,,3.0,,4.0,,,,,2.0,,,2.0,,4.0,3.0,,,,,,,,,,,1.0,4.0,,,,,
86.5,,,,,,,,4.0,4.0,,,,,,,,,1.0,,,2.0,,,,,,,,1.0,,,2.0,,1.0,2.0,,,,,2.0,1.0,,,,,,,,,,,,,,,,,,,1.0,,1.0,,,,,1.0,1.0,,,,4.0,,,2.0,,,,,,,,,,2.0,,,,4.0,,,,,,,,,,,,,,,,
87.0,2.0,,,,13.0,4.0,1.0,5.0,,,,,,,,,2.0,5.0,,,4.0,4.0,,,1.0,,2.0,,1.0,,,1.0,,,2.0,,,,,,1.0,,,,,,2.0,2.0,,,,,,5.0,,1.0,,,,,,1.0,2.0,,,,1.0,1.0,,,,1.0,,,,,,,,2.0,,2.0,,,6.0,,2.0,8.0,,,,,,,,,,,2.0,2.0,,,,,
87.5,,,,,2.0,2.0,,4.0,6.0,,,,,,,2.0,,1.0,,,,,,,,,1.0,,,,,,,2.0,4.0,,,,,,,,3.0,,,,4.0,,,,,,,,,,,,,6.0,,1.0,,,,,,,,,,8.0,,,2.0,2.0,,,,,,,,,,,,,2.0,,,,,,,,,,,,,,,,
88.0,12.0,,,,4.0,4.0,2.0,1.0,1.0,,,,,,,,,2.0,,,4.0,2.0,,,2.0,,1.0,,,,,1.0,,,2.0,,,,,,,,,4.0,,,2.0,1.0,,,,,,2.0,,1.0,2.0,,,,,1.0,,,,,,,,,,6.0,,,2.0,,6.0,,,,,3.0,,,,,4.0,8.0,,,,,,,,,,,,2.0,,,,,
88.5,,,,,,1.0,,2.0,6.0,,,,,,,,,2.0,,,,,,,,,,,,,,2.0,,,2.0,,,,,,,,,,1.0,,,,,,,,,,,2.0,,,,,,2.0,1.0,,,,2.0,,,,,6.0,,,,,,,,,,,,,,,,1.0,2.0,,,,,,,,,,,,,,,,
89.0,2.0,,,,6.0,6.0,2.0,,3.0,,,,,,,2.0,,1.0,,,6.0,,,,2.0,,1.0,,,,,,,1.0,4.0,,,,,,,,2.0,2.0,2.0,,4.0,1.0,,,,,,,,2.0,1.0,,,4.0,,1.0,7.0,,,,1.0,1.0,,,,6.0,,,2.0,,8.0,,,1.0,,3.0,,,4.0,,2.0,5.0,,,,,,,,,,,6.0,,,,,,2.0
89.5,,,,,2.0,,3.0,7.0,,,,,,,,4.0,,,,,,,,,3.0,,,,,,,,,1.0,,,,,,,,,,,1.0,,,,,,,,,1.0,,,,,,,,,,,,,,,,,,,,,2.0,2.0,,,,,,,,,2.0,,,,2.0,,,,,,,,,,,,,,,,
90.0,6.0,,,,,2.0,1.0,1.0,3.0,,,,,,,5.0,,6.0,,,8.0,,,,1.0,,2.0,,,,,4.0,,1.0,,,,,,,,,,2.0,2.0,,,,,2.0,,,4.0,1.0,1.0,3.0,,,,2.0,,2.0,5.0,,,,1.0,1.0,,,,2.0,,,,,2.0,,,2.0,,4.0,,,2.0,,4.0,2.0,,,,,,,,,,,2.0,2.0,,,,,4.0
90.5,,,,,4.0,5.0,1.0,2.0,4.0,,,,,,,,,,,,,,,,1.0,,,,,,,,,,,,,,,,,,,,,,4.0,,,,,,,,,,,,,,4.0,,1.0,,,,,,,,,4.0,,,,4.0,,,,,,4.0,,,,,,,2.0,,,,,,,,,,,,,,,,
91.0,20.0,,,,2.0,,,3.0,3.0,,,,,,,,,3.0,,,2.0,,,,,,1.0,,,,,,,3.0,4.0,,,,,,,,1.0,3.0,,2.0,1.0,,,2.0,,,2.0,,1.0,1.0,,,,,,,4.0,,,,,2.0,,,,,,,,,,,,2.0,,2.0,,,2.0,,4.0,6.0,,,,,,,,,,,3.0,,,,,,7.0
91.5,,,,,,4.0,2.0,2.0,,,,,,,,2.0,,2.0,,,,,,,2.0,,,,,,,,,5.0,,,,,,,,,,,3.0,,,,,,,,,,,1.0,,,,4.0,2.0,2.0,4.0,,,,,1.0,,,,2.0,,,,,,,,,,2.0,,,,,,,,,,,,,,,,,,,,,,,
92.0,12.0,,,,4.0,6.0,,3.0,4.0,,,,,,,,,6.0,,,8.0,,,,,,1.0,,,,,2.0,,4.0,,,3.0,,,,,,,1.0,5.0,2.0,1.0,,,4.0,,,2.0,,,1.0,,,,10.0,,1.0,2.0,,,,,1.0,,,,6.0,,,,,,,,1.0,,2.0,,,,,,2.0,,,,,,,,,,,3.0,,,,,,6.0
92.5,,,,,,,,,,,,,,,,,,2.0,,,,,,,,,,,,,,,,2.0,,,,,,,,,1.0,,,,,,,,,,,,,,,,,2.0,,2.0,,,,,,,,,,,,,,,,,,,,,,,,,,,,,,,,,,,,,,,,,,,1.0
93.0,14.0,,,,,2.0,,6.0,5.0,,,,,,,,,5.0,,,12.0,,,,,,,,,,,4.0,,5.0,,,2.0,,,,,,,1.0,1.0,4.0,2.0,,,4.0,,,2.0,,,2.0,,,,,,2.0,6.0,,,,,2.0,,,,4.0,,,,8.0,,,,,,10.0,,,2.0,,,2.0,,,,,,,,,,,4.0,,,,,,2.0
93.5,,,,,,,,,,,,,,,,,,4.0,,,,,,,,,,,,,,,,,,,,,,,,,,,,,4.0,,,,,,,,,,,,,,2.0,4.0,,,,,,,,,,,,,,,,,,,,6.0,,,,,,,,,,,,,,,,,,,,,,,
94.0,12.0,,,,,,,2.0,6.0,,,,,,,2.0,,2.0,,,6.0,,,,,,,,,,,,,4.0,,,7.0,,,2.0,,,5.0,,,4.0,3.0,,,4.0,,,6.0,,,1.0,,,,2.0,,,12.0,,,,,,,,,,,,,4.0,,,,,,,,,3.0,,,,,,,,,,,,,,4.0,,,,,,2.0
94.5,,,,,,,,,1.0,,,,,,,9.0,,4.0,,,,,,,,,,,,,,,,6.0,,,,,,,,,,,,,,,,,,,,,,,,,,6.0,4.0,4.0,,,,,,,,,,,,,,,,,,,,12.0,,,,,,,,,,,,,,,,,,,,,,,
95.0,14.0,,,,,2.0,,4.0,,,,,,,,1.0,,,,,4.0,,,,,,,,,,,4.0,,4.0,,,3.0,,,2.0,,,3.0,,6.0,6.0,3.0,,,10.0,,,,,,,,,,4.0,,2.0,,,,,,,,,,,,,,,,,,,,,,,8.0,,,,,,,,,,,,,,4.0,,,,,,2.0
95.5,,,,,,4.0,,,1.0,,,,,,,3.0,,2.0,,,,,,,,,,,,,,,,6.0,,,,,,,,,,,,,2.0,,,,,,,,,,,,,4.0,6.0,2.0,4.0,,,,,,,,,,,,,2.0,,,,,,6.0,,,,,,,,,,,,,,,,,,,,,,,
96.0,,,,,,,,,,,,,,,,2.0,,,,,,,,,,,,,,,,6.0,,,,,1.0,,,10.0,,,1.0,,,2.0,8.0,,,12.0,,,,,,,,,,2.0,,2.0,,,,,,,,,,,,,,10.0,,,,,,8.0,,,1.0,,,,,,,,,,,,,,8.0,,,,,,
96.5,,,,,,8.0,,,,,,,,,,2.0,,8.0,,,,,,,,,,,,,,,,8.0,,,,,,,,,,,,,2.0,,,,,,,,,,,,,4.0,8.0,8.0,8.0,,,,,,,,,,,,,4.0,,,,,,8.0,,,,,,,,,,,,,,,,,,,,,,,
97.0,,,,,,,,,,,,,,,,2.0,,,,,,,,,,,,,,,,2.0,,2.0,,,,,,10.0,,,2.0,,2.0,6.0,2.0,,,16.0,,,,,,,,,,,8.0,4.0,8.0,,,,,,,,,,,,,2.0,,,,,,2.0,,,2.0,,,,,,,,,,,,,,2.0,,,,,,2.0
97.5,,,,,,,,,,,,,,,,,,2.0,,,,,,,,,,,,,,,,6.0,,,,,,,,,,,4.0,,,,,,,,,,,,,,,4.0,4.0,2.0,,,,,,,,,,,,,,2.0,,,,,,8.0,,,4.0,,,,,,,,,,,,,,4.0,,,,,,
98.0,,,,,,6.0,,,,,,,,,,2.0,,,,,8.0,,,,,,,,,,,4.0,,2.0,,,,,,12.0,,,2.0,,2.0,4.0,6.0,,,28.0,,,4.0,,,,,,,,8.0,4.0,,,,,,,,,,,,,,,,,,,,4.0,,,,,,,,,,,,,,,,,2.0,,,,,,
98.5,,,,,,,,,,,,,,,,,,4.0,,,,,,,,,,,,,,,,,,,,,,,,,,,,,2.0,,,,,,,,,,,,,,6.0,4.0,,,,,,,,,,,,,,,,,,,,4.0,,,,,,,,,,,,,,,,,,,,,,,
99.0,,,,,,6.0,,,,,,,,,,,,,,,,,,,,,,,,,,8.0,,,,,,,,14.0,,,2.0,,4.0,2.0,,,,12.0,,,12.0,,,,,,,,2.0,8.0,,,,,,,,,,,,,,,,,,,,2.0,,,,,,,,,,,,,,,,,,,,,,,8.0
99.5,,,,,,8.0,,,,,,,,,,,,12.0,,,,,,,,,,,,,,,,2.0,,,8.0,,,,,,,,,,,,,,,,,,,,,,,,14.0,12.0,8.0,,,,,,,,,,,,,2.0,,,,,,6.0,,,2.0,,,,,,,,,,,,,,2.0,,,,,,
100.0,,,,,,,,,,,,,,,,4.0,,,,,4.0,,,,,,,,,,,2.0,,4.0,,,,,,6.0,,,,,2.0,,4.0,,,14.0,,,10.0,,,,,,,,2.0,2.0,,,,,,,,,,,,,,4.0,,,,,,2.0,,,12.0,,,,,,,,,,,,,,8.0,,,,,,2.0
100.5,,,,,,,,,,,,,,,,,,4.0,,,,,,,,,,,,,,,,2.0,,,,,,,,,,,,,,,,,,,,,,,,,,,2.0,4.0,,,,,,,,,,,,,,2.0,,,,,,2.0,,,2.0,,,,,,,,,,,,,,2.0,,,,,,
101.0,,,,,,4.0,,,,,,,,,,,,,,,4.0,,,,,,,,,,,8.0,,8.0,,,,,,6.0,,,,,2.0,,4.0,,,12.0,,,14.0,,,,,,,,8.0,6.0,,,,,,,,,,,,,,18.0,,,,,,,,,,,,,,,,,,,,,,,8.0,,,,,,2.0
101.5,,,,,,,,,,,,,,,,,,4.0,,,,,,,,,,,,,,,,,,,4.0,,,,,,,,,,,,,,,,,,,,,,,,4.0,4.0,,,,,,,,,,,,,,,,,,,,,,,,,,,,,,,,,,,,,,,,,,,
102.0,,,,,,4.0,,,,,,,,,,4.0,,,,,,,,,,,,,,,,2.0,,10.0,,,12.0,,,2.0,,,14.0,,14.0,,4.0,,,4.0,,,20.0,,,,,,,,4.0,12.0,,,,,,,,,,,,,,14.0,,,,,,,,,2.0,,,,,,,,,,,,,,,,,,,,6.0
103.0,,,,,,,,,,,,,,,,2.0,,,,,,,,,,,,,,,,2.0,,2.0,,,,,,,,,12.0,,,,,,,4.0,,,20.0,,,,,,,,4.0,4.0,,,,,,,,,,,,,,8.0,,,,,,,,,10.0,,,,,,,,,,,,,,16.0,,,,,,4.0
103.5,,,,,,,,,,,,,,,,4.0,,,,,,,,,,,,,,,,,,,,,32.0,,,,,,,,,,,,,,,,,,,,,,,,36.0,,,,,,,,,,,,,,,,,,,,,,,,,,,,,,,,,,,,,,,,,,,,
104.0,,,,,,,,,,,,,,,,2.0,,,,,,,,,,,,,,,,2.0,,16.0,,,8.0,,,,,,8.0,,12.0,24.0,,,,,,,,,,,,,,,,4.0,,,,,,,,,,,,,,8.0,,,,,,,,,,,,,,,,,,,,,,,,,,,,,8.0
105.0,,,,,,,,,,,,,,,,8.0,,,,,,,,,,,,,,,,,,,,,32.0,,,,,,32.0,,16.0,40.0,,,,,,,,,,,,,,,,,,,,,,,,,,,,,,,,,,,,,,,,,,,,,,,,,,,,,,,,,,,
