Bracket Name,R32-1,R32-2,R32-3,R32-4,R32-5,R32-6,R32-7,R32-8,R32-9,R32-10,R32-11,R32-12,R32-13,R32-14,R32-15,R32-16,R32-17,R32-18,R32-19,R32-20,R32-21,R32-22,R32-23,R32-24,R32-25,R32-26,R32-27,R32-28,R32-29,R32-30,R32-31,R32-32,SS1,SS2,SS3,SS4,SS5,SS6,SS7,SS8,SS9,SS10,SS11,SS12,SS13,SS14,SS15,SS16,EE1,EE2,EE3,EE4,EE5,EE6,EE7,EE8,FinalFour1,FinalFour2,FinalFour3,FinalFour4,Finalist1,Finalist2,Champ
bos2,1 Duke,8 VCU,5 Miss State,4 Va. Tech,11 BELM/TEMP,14 Yale,10 Minnesota,2 Michigan State,1 Gonzaga,9 Baylor,5 Marquette,4 Florida State,6 Buffalo,3 Texas Tech,7 Nevada,2 Michigan,1 Virginia,8 Ole Miss,12 Oregon,4 Kansas St.,11 St. Mary's,3 Purdue,7 Cincinnati,2 Tennessee,1 UNC,9 Washington,5 Auburn,4 Kansas,11 Ohio St.,3 Houston,7 Wofford,2 Kentucky,1 Duke,5 Miss State,11 BELM/TEMP,2 Michigan State,1 Gonzaga,4 Florida State,3 Texas Tech,2 Michigan,1 Virginia,12 Oregon,3 Purdue,7 Cincinnati,1 UNC,5 Auburn,3 Houston,2 Kentucky,1 Duke,2 Michigan State,1 Gonzaga,3 Texas Tech,1 Virginia,3 Purdue,1 UNC,2 Kentucky,2 Michigan State,3 Texas Tech,1 Virginia,1 UNC,2 Michigan State,1 Virginia,1 Virginia
Beilein Or Bust,1 Duke,8 VCU,5 Miss State,4 Va. Tech,11 BELM/TEMP,14 Yale,7 Louisville,2 Michigan State,1 Gonzaga,8 Syracuse,12 Murray State,4 Florida State,6 Buffalo,3 Texas Tech,7 Nevada,2 Michigan,1 Virginia,8 Ole Miss,5 Wisconsin,4 Kansas St.,6 Villanova,3 Purdue,10 Iowa,2 Tennessee,1 UNC,9 Washington,12 N. Mex St.,4 Kansas,6 Iowa St.,3 Houston,7 Wofford,2 Kentucky,1 Duke,4 Va. Tech,14 Yale,2 Michigan State,1 Gonzaga,4 Florida State,3 Texas Tech,2 Michigan,1 Virginia,5 Wisconsin,6 Villanova,2 Tennessee,1 UNC,4 Kansas,3 Houston,2 Kentucky,1 Duke,2 Michigan State,1 Gonzaga,2 Michigan,1 Virginia,2 Tennessee,1 UNC,2 Kentucky,1 Duke,2 Michigan,2 Tennessee,2 Kentucky,2 Michigan,2 Kentucky,2 Michigan
What the Hell,1 Duke,9 UCF,5 Miss State,4 Va. Tech,6 Maryland,3 LSU,7 Louisville,2 Michigan State,1 Gonzaga,8 Syracuse,12 Murray State,4 Florida State,6 Buffalo,3 Texas Tech,10 Florida,2 Michigan,1 Virginia,8 Ole Miss,5 Wisconsin,4 Kansas St.,6 Villanova,3 Purdue,7 Cincinnati,2 Tennessee,1 UNC,8 Utah State,5 Auburn,4 Kansas,6 Iowa St.,14 Georgia St.,10 Seton Hall,2 Kentucky,1 Duke,4 Va. Tech,6 Maryland,2 Michigan State,1 Gonzaga,4 Florida State,3 Texas Tech,2 Michigan,1 Virginia,5 Wisconsin,6 Villanova,2 Tennessee,1 UNC,5 Auburn,6 Iowa St.,2 Kentucky,1 Duke,2 Michigan State,4 Florida State,2 Michigan,1 Virginia,6 Villanova,1 UNC,2 Kentucky,1 Duke,2 Michigan,6 Villanova,2 Kentucky,1 Duke,2 Kentucky,1 Duke
Shez1,1 Duke,8 VCU,12 Liberty,4 Va. Tech,6 Maryland,3 LSU,7 Louisville,2 Michigan State,1 Gonzaga,8 Syracuse,5 Marquette,4 Florida State,11 AZST/St John,3 Texas Tech,10 Florida,2 Michigan,1 Virginia,9 Oklahoma,5 Wisconsin,4 Kansas St.,6 Villanova,3 Purdue,10 Iowa,2 Tennessee,1 UNC,9 Washington,5 Auburn,4 Kansas,6 Iowa St.,3 Houston,10 Seton Hall,2 Kentucky,1 Duke,4 Va. Tech,3 LSU,2 Michigan State,1 Gonzaga,4 Florida State,3 Texas Tech,2 Michigan,1 Virginia,4 Kansas St.,6 Villanova,2 Tennessee,1 UNC,4 Kansas,3 Houston,2 Kentucky,1 Duke,2 Michigan State,1 Gonzaga,2 Michigan,1 Virginia,2 Tennessee,1 UNC,2 Kentucky,1 Duke,1 Gonzaga,1 Virginia,1 UNC,1 Duke,1 UNC,1 Duke
Feirman 2,1 Duke,8 VCU,12 Liberty,4 Va. Tech,6 Maryland,14 Yale,10 Minnesota,2 Michigan State,1 Gonzaga,8 Syracuse,12 Murray State,13 Vermont,6 Buffalo,3 Texas Tech,10 Florida,2 Michigan,1 Virginia,9 Oklahoma,12 Oregon,13 UC Irvine,11 St. Mary's,3 Purdue,7 Cincinnati,2 Tennessee,1 UNC,8 Utah State,5 Auburn,13 Northeastern,11 Ohio St.,3 Houston,7 Wofford,2 Kentucky,1 Duke,4 Va. Tech,6 Maryland,2 Michigan State,1 Gonzaga,12 Murray State,3 Texas Tech,10 Florida,1 Virginia,12 Oregon,3 Purdue,7 Cincinnati,1 UNC,5 Auburn,3 Houston,2 Kentucky,1 Duke,2 Michigan State,1 Gonzaga,10 Florida,1 Virginia,3 Purdue,5 Auburn,3 Houston,1 Duke,1 Gonzaga,3 Purdue,5 Auburn,1 Duke,3 Purdue,1 Duke
Sara wins!,1 Duke,8 VCU,5 Miss State,4 Va. Tech,6 Maryland,3 LSU,7 Louisville,2 Michigan State,1 Gonzaga,8 Syracuse,5 Marquette,4 Florida State,6 Buffalo,3 Texas Tech,7 Nevada,2 Michigan,1 Virginia,8 Ole Miss,5 Wisconsin,4 Kansas St.,11 St. Mary's,3 Purdue,7 Cincinnati,2 Tennessee,1 UNC,9 Washington,5 Auburn,4 Kansas,6 Iowa St.,3 Houston,7 Wofford,2 Kentucky,1 Duke,4 Va. Tech,3 LSU,2 Michigan State,1 Gonzaga,4 Florida State,3 Texas Tech,2 Michigan,1 Virginia,5 Wisconsin,3 Purdue,2 Tennessee,1 UNC,5 Auburn,3 Houston,2 Kentucky,1 Duke,2 Michigan State,1 Gonzaga,2 Michigan,1 Virginia,2 Tennessee,1 UNC,2 Kentucky,1 Duke,1 Gonzaga,1 Virginia,1 UNC,1 Gonzaga,1 UNC,1 Gonzaga
PlayingBlind,1 Duke,8 VCU,12 Liberty,4 Va. Tech,6 Maryland,3 LSU,7 Louisville,2 Michigan State,1 Gonzaga,8 Syracuse,5 Marquette,4 Florida State,11 AZST/St John,3 Texas Tech,7 Nevada,2 Michigan,1 Virginia,9 Oklahoma,12 Oregon,4 Kansas St.,6 Villanova,3 Purdue,7 Cincinnati,2 Tennessee,1 UNC,8 Utah State,5 Auburn,4 Kansas,6 Iowa St.,14 Georgia St.,7 Wofford,2 Kentucky,1 Duke,12 Liberty,6 Maryland,7 Louisville,1 Gonzaga,5 Marquette,3 Texas Tech,2 Michigan,9 Oklahoma,4 Kansas St.,6 Villanova,2 Tennessee,1 UNC,5 Auburn,6 Iowa St.,2 Kentucky,1 Duke,7 Louisville,1 Gonzaga,2 Michigan,9 Oklahoma,2 Tennessee,1 UNC,2 Kentucky,1 Duke,2 Michigan,2 Tennessee,2 Kentucky,2 Michigan,2 Tennessee,2 Michigan
Zion National Park,1 Duke,9 UCF,5 Miss State,4 Va. Tech,6 Maryland,3 LSU,10 Minnesota,2 Michigan State,1 Gonzaga,9 Baylor,12 Murray State,4 Florida State,6 Buffalo,3 Texas Tech,10 Florida,2 Michigan,1 Virginia,9 Oklahoma,5 Wisconsin,4 Kansas St.,11 St. Mary's,3 Purdue,10 Iowa,2 Tennessee,1 UNC,8 Utah State,5 Auburn,13 Northeastern,6 Iowa St.,3 Houston,10 Seton Hall,2 Kentucky,1 Duke,4 Va. Tech,6 Maryland,2 Michigan State,1 Gonzaga,4 Florida State,6 Buffalo,2 Michigan,1 Virginia,4 Kansas St.,3 Purdue,2 Tennessee,1 UNC,5 Auburn,6 Iowa St.,10 Seton Hall,1 Duke,2 Michigan State,1 Gonzaga,2 Michigan,1 Virginia,2 Tennessee,1 UNC,10 Seton Hall,1 Duke,1 Gonzaga,2 Tennessee,1 UNC,1 Duke,1 UNC,1 Duke
ThisonesforPnut,1 Duke,8 VCU,12 Liberty,4 Va. Tech,11 BELM/TEMP,3 LSU,7 Louisville,2 Michigan State,1 Gonzaga,8 Syracuse,12 Murray State,4 Florida State,6 Buffalo,14 N. Kentucky,7 Nevada,2 Michigan,1 Virginia,8 Ole Miss,5 Wisconsin,4 Kansas St.,11 St. Mary's,3 Purdue,10 Iowa,2 Tennessee,1 UNC,9 Washington,5 Auburn,4 Kansas,6 Iowa St.,3 Houston,10 Seton Hall,2 Kentucky,1 Duke,4 Va. Tech,3 LSU,7 Louisville,8 Syracuse,4 Florida State,6 Buffalo,2 Michigan,1 Virginia,4 Kansas St.,3 Purdue,2 Tennessee,1 UNC,4 Kansas,3 Houston,2 Kentucky,1 Duke,3 LSU,8 Syracuse,2 Michigan,4 Kansas St.,3 Purdue,1 UNC,2 Kentucky,1 Duke,2 Michigan,4 Kansas St.,1 UNC,1 Duke,1 UNC,1 Duke
bos1,1 Duke,8 VCU,5 Miss State,4 Va. Tech,11 BELM/TEMP,3 LSU,10 Minnesota,2 Michigan State,1 Gonzaga,9 Baylor,5 Marquette,4 Florida State,6 Buffalo,3 Texas Tech,7 Nevada,2 Michigan,1 Virginia,8 Ole Miss,12 Oregon,13 UC Irvine,11 St. Mary's,3 Purdue,7 Cincinnati,2 Tennessee,1 UNC,9 Washington,5 Auburn,4 Kansas,11 Ohio St.,3 Houston,7 Wofford,2 Kentucky,1 Duke,4 Va. Tech,11 BELM/TEMP,2 Michigan State,1 Gonzaga,4 Florida State,3 Texas Tech,7 Nevada,1 Virginia,12 Oregon,3 Purdue,7 Cincinnati,1 UNC,4 Kansas,3 Houston,2 Kentucky,1 Duke,2 Michigan State,1 Gonzaga,3 Texas Tech,1 Virginia,3 Purdue,4 Kansas,3 Houston,1 Duke,1 Gonzaga,1 Virginia,3 Houston,1 Gonzaga,1 Virginia,1 Gonzaga
MiamiGotFucked,1 Duke,9 UCF,5 Miss State,4 Va. Tech,11 BELM/TEMP,14 Yale,7 Louisville,2 Michigan State,1 Gonzaga,8 Syracuse,12 Murray State,4 Florida State,6 Buffalo,3 Texas Tech,10 Florida,2 Michigan,1 Virginia,9 Oklahoma,12 Oregon,4 Kansas St.,6 Villanova,3 Purdue,7 Cincinnati,2 Tennessee,1 UNC,8 Utah State,5 Auburn,4 Kansas,6 Iowa St.,3 Houston,7 Wofford,2 Kentucky,1 Duke,4 Va. Tech,11 BELM/TEMP,2 Michigan State,1 Gonzaga,4 Florida State,3 Texas Tech,2 Michigan,1 Virginia,12 Oregon,3 Purdue,2 Tennessee,1 UNC,5 Auburn,6 Iowa St.,2 Kentucky,1 Duke,2 Michigan State,1 Gonzaga,3 Texas Tech,1 Virginia,3 Purdue,1 UNC,2 Kentucky,2 Michigan State,1 Gonzaga,1 Virginia,1 UNC,2 Michigan State,1 UNC,1 UNC
Banana,1 Duke,9 UCF,5 Miss State,4 Va. Tech,6 Maryland,3 LSU,10 Minnesota,2 Michigan State,1 Gonzaga,9 Baylor,5 Marquette,4 Florida State,6 Buffalo,3 Texas Tech,7 Nevada,2 Michigan,1 Virginia,9 Oklahoma,5 Wisconsin,4 Kansas St.,6 Villanova,3 Purdue,7 Cincinnati,2 Tennessee,1 UNC,8 Utah State,5 Auburn,4 Kansas,6 Iowa St.,3 Houston,10 Seton Hall,2 Kentucky,1 Duke,5 Miss State,3 LSU,2 Michigan State,1 Gonzaga,4 Florida State,6 Buffalo,7 Nevada,1 Virginia,5 Wisconsin,3 Purdue,2 Tennessee,1 UNC,4 Kansas,3 Houston,2 Kentucky,1 Duke,3 LSU,1 Gonzaga,6 Buffalo,1 Virginia,3 Purdue,1 UNC,2 Kentucky,1 Duke,1 Gonzaga,3 Purdue,1 UNC,1 Gonzaga,1 UNC,1 Gonzaga
Larry's bracket,1 Duke,9 UCF,5 Miss State,4 Va. Tech,6 Maryland,14 Yale,10 Minnesota,2 Michigan State,1 Gonzaga,8 Syracuse,5 Marquette,4 Florida State,11 AZST/St John,3 Texas Tech,10 Florida,2 Michigan,1 Virginia,9 Oklahoma,5 Wisconsin,4 Kansas St.,6 Villanova,3 Purdue,7 Cincinnati,2 Tennessee,1 UNC,9 Washington,5 Auburn,4 Kansas,6 Iowa St.,3 Houston,10 Seton Hall,2 Kentucky,1 Duke,5 Miss State,6 Maryland,2 Michigan State,8 Syracuse,5 Marquette,3 Texas Tech,2 Michigan,1 Virginia,5 Wisconsin,6 Villanova,2 Tennessee,1 UNC,5 Auburn,6 Iowa St.,2 Kentucky,1 Duke,2 Michigan State,8 Syracuse,2 Michigan,5 Wisconsin,6 Villanova,1 UNC,2 Kentucky,1 Duke,8 Syracuse,6 Villanova,1 UNC,8 Syracuse,1 UNC,1 UNC
Kyle Wall,1 Duke,8 VCU,5 Miss State,4 Va. Tech,11 BELM/TEMP,3 LSU,7 Louisville,2 Michigan State,1 Gonzaga,8 Syracuse,12 Murray State,4 Florida State,6 Buffalo,3 Texas Tech,7 Nevada,2 Michigan,1 Virginia,8 Ole Miss,5 Wisconsin,13 UC Irvine,11 St. Mary's,3 Purdue,7 Cincinnati,2 Tennessee,1 UNC,8 Utah State,5 Auburn,13 Northeastern,6 Iowa St.,3 Houston,10 Seton Hall,2 Kentucky,1 Duke,4 Va. Tech,11 BELM/TEMP,2 Michigan State,1 Gonzaga,12 Murray State,6 Buffalo,2 Michigan,1 Virginia,5 Wisconsin,3 Purdue,2 Tennessee,1 UNC,5 Auburn,3 Houston,2 Kentucky,1 Duke,2 Michigan State,1 Gonzaga,2 Michigan,1 Virginia,3 Purdue,1 UNC,3 Houston,2 Michigan State,1 Gonzaga,3 Purdue,1 UNC,2 Michigan State,1 UNC,2 Michigan State
KathDog,1 Duke,8 VCU,5 Miss State,4 Va. Tech,6 Maryland,3 LSU,7 Louisville,2 Michigan State,1 Gonzaga,8 Syracuse,5 Marquette,4 Florida State,6 Buffalo,3 Texas Tech,7 Nevada,2 Michigan,1 Virginia,8 Ole Miss,12 Oregon,4 Kansas St.,6 Villanova,14 Old Dominion,7 Cincinnati,2 Tennessee,1 UNC,9 Washington,12 N. Mex St.,4 Kansas,11 Ohio St.,3 Houston,7 Wofford,2 Kentucky,1 Duke,4 Va. Tech,3 LSU,2 Michigan State,8 Syracuse,4 Florida State,3 Texas Tech,2 Michigan,1 Virginia,4 Kansas St.,6 Villanova,2 Tennessee,1 UNC,4 Kansas,3 Houston,7 Wofford,4 Va. Tech,2 Michigan State,8 Syracuse,2 Michigan,4 Kansas St.,2 Tennessee,1 UNC,7 Wofford,2 Michigan State,2 Michigan,2 Tennessee,1 UNC,2 Michigan State,1 UNC,2 Michigan State
Larry G,1 Duke,8 VCU,5 Miss State,4 Va. Tech,11 BELM/TEMP,3 LSU,7 Louisville,2 Michigan State,1 Gonzaga,9 Baylor,12 Murray State,4 Florida State,6 Buffalo,3 Texas Tech,7 Nevada,2 Michigan,1 Virginia,9 Oklahoma,12 Oregon,4 Kansas St.,6 Villanova,3 Purdue,10 Iowa,2 Tennessee,1 UNC,8 Utah State,5 Auburn,4 Kansas,11 Ohio St.,3 Houston,7 Wofford,2 Kentucky,1 Duke,4 Va. Tech,3 LSU,7 Louisville,1 Gonzaga,4 Florida State,3 Texas Tech,7 Nevada,1 Virginia,12 Oregon,6 Villanova,2 Tennessee,1 UNC,5 Auburn,3 Houston,2 Kentucky,1 Duke,3 LSU,4 Florida State,7 Nevada,1 Virginia,2 Tennessee,1 UNC,2 Kentucky,1 Duke,4 Florida State,2 Tennessee,2 Kentucky,1 Duke,2 Kentucky,1 Duke
I think I'm dying here,1 Duke,9 UCF,5 Miss State,4 Va. Tech,11 BELM/TEMP,3 LSU,10 Minnesota,2 Michigan State,1 Gonzaga,9 Baylor,5 Marquette,4 Florida State,6 Buffalo,3 Texas Tech,7 Nevada,2 Michigan,1 Virginia,9 Oklahoma,12 Oregon,13 UC Irvine,6 Villanova,3 Purdue,7 Cincinnati,2 Tennessee,1 UNC,8 Utah State,12 N. Mex St.,4 Kansas,6 Iowa St.,3 Houston,7 Wofford,2 Kentucky,1 Duke,5 Miss State,11 BELM/TEMP,2 Michigan State,1 Gonzaga,4 Florida State,3 Texas Tech,2 Michigan,1 Virginia,12 Oregon,6 Villanova,2 Tennessee,1 UNC,4 Kansas,3 Houston,2 Kentucky,1 Duke,2 Michigan State,1 Gonzaga,3 Texas Tech,1 Virginia,2 Tennessee,1 UNC,3 Houston,1 Duke,3 Texas Tech,2 Tennessee,3 Houston,1 Duke,2 Tennessee,1 Duke
Mrs.bos'bracket,1 Duke,8 VCU,5 Miss State,4 Va. Tech,6 Maryland,3 LSU,7 Louisville,2 Michigan State,1 Gonzaga,9 Baylor,12 Murray State,4 Florida State,11 AZST/St John,3 Texas Tech,10 Florida,2 Michigan,1 Virginia,9 Oklahoma,5 Wisconsin,4 Kansas St.,11 St. Mary's,14 Old Dominion,7 Cincinnati,2 Tennessee,1 UNC,9 Washington,5 Auburn,13 Northeastern,11 Ohio St.,3 Houston,10 Seton Hall,2 Kentucky,1 Duke,4 Va. Tech,6 Maryland,7 Louisville,1 Gonzaga,12 Murray State,3 Texas Tech,2 Michigan,1 Virginia,5 Wisconsin,11 St. Mary's,2 Tennessee,1 UNC,5 Auburn,3 Houston,2 Kentucky,4 Va. Tech,7 Louisville,1 Gonzaga,2 Michigan,5 Wisconsin,2 Tennessee,1 UNC,3 Houston,7 Louisville,1 Gonzaga,2 Tennessee,1 UNC,1 Gonzaga,2 Tennessee,1 Gonzaga
Not a Bracket,1 Duke,9 UCF,12 Liberty,4 Va. Tech,6 Maryland,14 Yale,7 Louisville,2 Michigan State,1 Gonzaga,8 Syracuse,12 Murray State,13 Vermont,6 Buffalo,3 Texas Tech,10 Florida,2 Michigan,1 Virginia,8 Ole Miss,5 Wisconsin,4 Kansas St.,11 St. Mary's,3 Purdue,7 Cincinnati,2 Tennessee,1 UNC,8 Utah State,5 Auburn,4 Kansas,6 Iowa St.,3 Houston,7 Wofford,2 Kentucky,1 Duke,4 Va. Tech,6 Maryland,2 Michigan State,1 Gonzaga,12 Murray State,3 Texas Tech,2 Michigan,1 Virginia,5 Wisconsin,11 St. Mary's,2 Tennessee,1 UNC,5 Auburn,6 Iowa St.,2 Kentucky,1 Duke,2 Michigan State,1 Gonzaga,2 Michigan,1 Virginia,2 Tennessee,1 UNC,2 Kentucky,1 Duke,2 Michigan,1 Virginia,1 UNC,2 Michigan,1 Virginia,1 Virginia
Three Orange Whips,1 Duke,9 UCF,5 Miss State,4 Va. Tech,6 Maryland,3 LSU,10 Minnesota,2 Michigan State,1 Gonzaga,8 Syracuse,12 Murray State,4 Florida State,6 Buffalo,3 Texas Tech,7 Nevada,2 Michigan,1 Virginia,8 Ole Miss,12 Oregon,13 UC Irvine,11 St. Mary's,3 Purdue,7 Cincinnati,2 Tennessee,1 UNC,9 Washington,5 Auburn,13 Northeastern,6 Iowa St.,3 Houston,7 Wofford,2 Kentucky,1 Duke,4 Va. Tech,6 Maryland,2 Michigan State,1 Gonzaga,4 Florida State,3 Texas Tech,2 Michigan,1 Virginia,13 UC Irvine,3 Purdue,2 Tennessee,1 UNC,5 Auburn,3 Houston,2 Kentucky,1 Duke,2 Michigan State,1 Gonzaga,2 Michigan,1 Virginia,2 Tennessee,1 UNC,2 Kentucky,1 Duke,1 Gonzaga,2 Tennessee,1 UNC,1 Duke,1 UNC,1 Duke
Operation Varsity Blues,1 Duke,9 UCF,5 Miss State,4 Va. Tech,6 Maryland,3 LSU,7 Louisville,2 Michigan State,1 Gonzaga,9 Baylor,12 Murray State,4 Florida State,11 AZST/St John,3 Texas Tech,10 Florida,2 Michigan,1 Virginia,8 Ole Miss,5 Wisconsin,4 Kansas St.,6 Villanova,3 Purdue,10 Iowa,2 Tennessee,1 UNC,9 Washington,5 Auburn,4 Kansas,11 Ohio St.,3 Houston,10 Seton Hall,2 Kentucky,1 Duke,5 Miss State,6 Maryland,2 Michigan State,1 Gonzaga,4 Florida State,3 Texas Tech,2 Michigan,1 Virginia,5 Wisconsin,6 Villanova,2 Tennessee,1 UNC,5 Auburn,3 Houston,2 Kentucky,1 Duke,2 Michigan State,4 Florida State,3 Texas Tech,1 Virginia,2 Tennessee,5 Auburn,2 Kentucky,1 Duke,3 Texas Tech,1 Virginia,2 Kentucky,1 Duke,2 Kentucky,2 Kentucky
NotAWinner,1 Duke,8 VCU,5 Miss State,4 Va. Tech,6 Maryland,3 LSU,7 Louisville,2 Michigan State,1 Gonzaga,9 Baylor,12 Murray State,4 Florida State,11 AZST/St John,3 Texas Tech,7 Nevada,2 Michigan,1 Virginia,9 Oklahoma,5 Wisconsin,4 Kansas St.,6 Villanova,3 Purdue,10 Iowa,2 Tennessee,1 UNC,9 Washington,5 Auburn,4 Kansas,11 Ohio St.,3 Houston,7 Wofford,2 Kentucky,1 Duke,4 Va. Tech,6 Maryland,2 Michigan State,1 Gonzaga,4 Florida State,3 Texas Tech,2 Michigan,9 Oklahoma,4 Kansas St.,3 Purdue,2 Tennessee,1 UNC,4 Kansas,3 Houston,2 Kentucky,4 Va. Tech,2 Michigan State,1 Gonzaga,2 Michigan,4 Kansas St.,2 Tennessee,1 UNC,2 Kentucky,2 Michigan State,1 Gonzaga,2 Tennessee,2 Kentucky,2 Michigan State,2 Kentucky,2 Kentucky
Anna E.,1 Duke,9 UCF,5 Miss State,4 Va. Tech,11 BELM/TEMP,3 LSU,10 Minnesota,2 Michigan State,1 Gonzaga,8 Syracuse,5 Marquette,4 Florida State,6 Buffalo,3 Texas Tech,7 Nevada,2 Michigan,1 Virginia,8 Ole Miss,5 Wisconsin,4 Kansas St.,6 Villanova,3 Purdue,7 Cincinnati,2 Tennessee,1 UNC,9 Washington,5 Auburn,4 Kansas,11 Ohio St.,3 Houston,10 Seton Hall,2 Kentucky,1 Duke,5 Miss State,11 BELM/TEMP,2 Michigan State,1 Gonzaga,5 Marquette,3 Texas Tech,2 Michigan,1 Virginia,5 Wisconsin,3 Purdue,2 Tennessee,1 UNC,4 Kansas,3 Houston,2 Kentucky,1 Duke,2 Michigan State,1 Gonzaga,2 Michigan,1 Virginia,2 Tennessee,1 UNC,2 Kentucky,1 Duke,2 Michigan,2 Tennessee,1 UNC,1 Duke,1 UNC,1 UNC
2PEAT,1 Duke,9 UCF,12 Liberty,13 Saint Louis,11 BELM/TEMP,3 LSU,7 Louisville,2 Michigan State,1 Gonzaga,8 Syracuse,12 Murray State,4 Florida State,11 AZST/St John,3 Texas Tech,10 Florida,2 Michigan,1 Virginia,9 Oklahoma,5 Wisconsin,13 UC Irvine,6 Villanova,3 Purdue,7 Cincinnati,2 Tennessee,1 UNC,8 Utah State,12 N. Mex St.,4 Kansas,11 Ohio St.,14 Georgia St.,10 Seton Hall,2 Kentucky,1 Duke,13 Saint Louis,3 LSU,7 Louisville,1 Gonzaga,4 Florida State,3 Texas Tech,2 Michigan,9 Oklahoma,5 Wisconsin,6 Villanova,2 Tennessee,1 UNC,4 Kansas,14 Georgia St.,2 Kentucky,1 Duke,3 LSU,1 Gonzaga,2 Michigan,5 Wisconsin,6 Villanova,1 UNC,2 Kentucky,1 Duke,2 Michigan,5 Wisconsin,1 UNC,1 Duke,1 UNC,1 Duke
Brexitball,1 Duke,8 VCU,5 Miss State,4 Va. Tech,6 Maryland,3 LSU,7 Louisville,2 Michigan State,1 Gonzaga,8 Syracuse,12 Murray State,4 Florida State,6 Buffalo,3 Texas Tech,7 Nevada,2 Michigan,1 Virginia,8 Ole Miss,5 Wisconsin,4 Kansas St.,6 Villanova,3 Purdue,10 Iowa,2 Tennessee,1 UNC,8 Utah State,5 Auburn,4 Kansas,11 Ohio St.,3 Houston,7 Wofford,2 Kentucky,1 Duke,5 Miss State,3 LSU,2 Michigan State,1 Gonzaga,4 Florida State,3 Texas Tech,2 Michigan,1 Virginia,5 Wisconsin,6 Villanova,2 Tennessee,1 UNC,5 Auburn,3 Houston,2 Kentucky,1 Duke,2 Michigan State,1 Gonzaga,3 Texas Tech,1 Virginia,2 Tennessee,1 UNC,2 Kentucky,1 Duke,1 Gonzaga,1 Virginia,2 Kentucky,1 Duke,2 Kentucky,1 Duke
BuyUsAWinner,1 Duke,8 VCU,5 Miss State,4 Va. Tech,11 BELM/TEMP,3 LSU,7 Louisville,2 Michigan State,1 Gonzaga,8 Syracuse,5 Marquette,4 Florida State,6 Buffalo,3 Texas Tech,10 Florida,2 Michigan,1 Virginia,8 Ole Miss,12 Oregon,13 UC Irvine,6 Villanova,3 Purdue,7 Cincinnati,2 Tennessee,1 UNC,9 Washington,5 Auburn,4 Kansas,11 Ohio St.,3 Houston,7 Wofford,2 Kentucky,1 Duke,4 Va. Tech,3 LSU,2 Michigan State,1 Gonzaga,4 Florida State,6 Buffalo,2 Michigan,1 Virginia,12 Oregon,3 Purdue,2 Tennessee,1 UNC,4 Kansas,3 Houston,2 Kentucky,4 Va. Tech,3 LSU,1 Gonzaga,2 Michigan,1 Virginia,3 Purdue,4 Kansas,2 Kentucky,4 Va. Tech,2 Michigan,1 Virginia,2 Kentucky,2 Michigan,1 Virginia,1 Virginia
This Year Though...,1 Duke,9 UCF,12 Liberty,4 Va. Tech,11 BELM/TEMP,14 Yale,7 Louisville,2 Michigan State,1 Gonzaga,9 Baylor,12 Murray State,4 Florida State,6 Buffalo,3 Texas Tech,7 Nevada,2 Michigan,1 Virginia,9 Oklahoma,12 Oregon,13 UC Irvine,6 Villanova,3 Purdue,7 Cincinnati,2 Tennessee,1 UNC,8 Utah State,5 Auburn,4 Kansas,6 Iowa St.,3 Houston,7 Wofford,2 Kentucky,1 Duke,4 Va. Tech,11 BELM/TEMP,2 Michigan State,1 Gonzaga,4 Florida State,6 Buffalo,7 Nevada,1 Virginia,13 UC Irvine,6 Villanova,7 Cincinnati,1 UNC,5 Auburn,3 Houston,7 Wofford,1 Duke,2 Michigan State,1 Gonzaga,7 Nevada,1 Virginia,6 Villanova,1 UNC,3 Houston,1 Duke,1 Gonzaga,1 Virginia,1 UNC,1 Duke,1 UNC,1 Duke
wrinkled balls,1 Duke,8 VCU,5 Miss State,13 Saint Louis,6 Maryland,14 Yale,7 Louisville,2 Michigan State,1 Gonzaga,8 Syracuse,12 Murray State,4 Florida State,11 AZST/St John,3 Texas Tech,7 Nevada,2 Michigan,1 Virginia,9 Oklahoma,12 Oregon,13 UC Irvine,6 Villanova,14 Old Dominion,7 Cincinnati,2 Tennessee,1 UNC,9 Washington,12 N. Mex St.,4 Kansas,6 Iowa St.,3 Houston,10 Seton Hall,2 Kentucky,1 Duke,5 Miss State,6 Maryland,2 Michigan State,1 Gonzaga,12 Murray State,11 AZST/St John,2 Michigan,1 Virginia,13 UC Irvine,6 Villanova,2 Tennessee,1 UNC,4 Kansas,3 Houston,2 Kentucky,1 Duke,2 Michigan State,1 Gonzaga,2 Michigan,1 Virginia,2 Tennessee,1 UNC,3 Houston,2 Michigan State,1 Gonzaga,1 Virginia,3 Houston,1 Gonzaga,1 Virginia,1 Gonzaga
Red Raider Quaker,1 Duke,9 UCF,12 Liberty,4 Va. Tech,11 BELM/TEMP,3 LSU,7 Louisville,2 Michigan State,1 Gonzaga,8 Syracuse,12 Murray State,4 Florida State,11 AZST/St John,3 Texas Tech,7 Nevada,2 Michigan,1 Virginia,8 Ole Miss,12 Oregon,4 Kansas St.,11 St. Mary's,3 Purdue,7 Cincinnati,2 Tennessee,1 UNC,9 Washington,5 Auburn,4 Kansas,11 Ohio St.,14 Georgia St.,10 Seton Hall,2 Kentucky,1 Duke,4 Va. Tech,11 BELM/TEMP,2 Michigan State,8 Syracuse,12 Murray State,11 AZST/St John,2 Michigan,8 Ole Miss,12 Oregon,11 St. Mary's,7 Cincinnati,1 UNC,4 Kansas,11 Ohio St.,2 Kentucky,1 Duke,2 Michigan State,12 Murray State,2 Michigan,12 Oregon,11 St. Mary's,1 UNC,2 Kentucky,1 Duke,2 Michigan,12 Oregon,2 Kentucky,1 Duke,2 Kentucky,1 Duke
Bet They Got S.C.M.O.D.S.,1 Duke,8 VCU,5 Miss State,4 Va. Tech,6 Maryland,3 LSU,7 Louisville,2 Michigan State,1 Gonzaga,8 Syracuse,5 Marquette,4 Florida State,6 Buffalo,3 Texas Tech,7 Nevada,2 Michigan,1 Virginia,9 Oklahoma,5 Wisconsin,4 Kansas St.,6 Villanova,3 Purdue,7 Cincinnati,2 Tennessee,1 UNC,8 Utah State,5 Auburn,4 Kansas,6 Iowa St.,3 Houston,7 Wofford,2 Kentucky,1 Duke,4 Va. Tech,3 LSU,2 Michigan State,1 Gonzaga,4 Florida State,3 Texas Tech,2 Michigan,1 Virginia,4 Kansas St.,6 Villanova,2 Tennessee,1 UNC,5 Auburn,3 Houston,2 Kentucky,1 Duke,2 Michigan State,1 Gonzaga,3 Texas Tech,4 Kansas St.,2 Tennessee,1 UNC,3 Houston,1 Duke,1 Gonzaga,2 Tennessee,1 UNC,1 Gonzaga,1 UNC,1 Gonzaga
Bulldogs Arf 1,1 Duke,9 UCF,5 Miss State,4 Va. Tech,11 BELM/TEMP,3 LSU,7 Louisville,2 Michigan State,1 Gonzaga,9 Baylor,12 Murray State,4 Florida State,6 Buffalo,3 Texas Tech,10 Florida,2 Michigan,1 Virginia,8 Ole Miss,5 Wisconsin,4 Kansas St.,11 St. Mary's,3 Purdue,10 Iowa,2 Tennessee,1 UNC,8 Utah State,5 Auburn,4 Kansas,6 Iowa St.,3 Houston,7 Wofford,2 Kentucky,1 Duke,4 Va. Tech,3 LSU,2 Michigan State,1 Gonzaga,4 Florida State,3 Texas Tech,10 Florida,1 Virginia,5 Wisconsin,3 Purdue,2 Tennessee,1 UNC,5 Auburn,6 Iowa St.,2 Kentucky,4 Va. Tech,2 Michigan State,1 Gonzaga,3 Texas Tech,1 Virginia,3 Purdue,5 Auburn,2 Kentucky,2 Michigan State,1 Gonzaga,1 Virginia,2 Kentucky,1 Gonzaga,1 Virginia,1 Gonzaga
Tim Apple,1 Duke,9 UCF,5 Miss State,4 Va. Tech,6 Maryland,3 LSU,10 Minnesota,2 Michigan State,1 Gonzaga,8 Syracuse,5 Marquette,4 Florida State,6 Buffalo,3 Texas Tech,7 Nevada,2 Michigan,1 Virginia,8 Ole Miss,5 Wisconsin,4 Kansas St.,11 St. Mary's,3 Purdue,10 Iowa,2 Tennessee,1 UNC,9 Washington,5 Auburn,4 Kansas,6 Iowa St.,3 Houston,10 Seton Hall,2 Kentucky,1 Duke,4 Va. Tech,3 LSU,2 Michigan State,8 Syracuse,4 Florida State,3 Texas Tech,7 Nevada,1 Virginia,5 Wisconsin,3 Purdue,2 Tennessee,1 UNC,5 Auburn,6 Iowa St.,2 Kentucky,4 Va. Tech,2 Michigan State,4 Florida State,3 Texas Tech,5 Wisconsin,2 Tennessee,1 UNC,6 Iowa St.,2 Michigan State,3 Texas Tech,2 Tennessee,1 UNC,2 Michigan State,1 UNC,1 UNC
LETS GO BU!,1 Duke,9 UCF,5 Miss State,4 Va. Tech,6 Maryland,14 Yale,7 Louisville,2 Michigan State,1 Gonzaga,8 Syracuse,12 Murray State,13 Vermont,6 Buffalo,3 Texas Tech,10 Florida,2 Michigan,1 Virginia,9 Oklahoma,12 Oregon,13 UC Irvine,6 Villanova,3 Purdue,7 Cincinnati,2 Tennessee,1 UNC,8 Utah State,5 Auburn,4 Kansas,11 Ohio St.,3 Houston,7 Wofford,2 Kentucky,1 Duke,4 Va. Tech,14 Yale,2 Michigan State,1 Gonzaga,12 Murray State,3 Texas Tech,2 Michigan,1 Virginia,13 UC Irvine,3 Purdue,7 Cincinnati,1 UNC,4 Kansas,3 Houston,7 Wofford,1 Duke,2 Michigan State,12 Murray State,2 Michigan,1 Virginia,3 Purdue,4 Kansas,3 Houston,2 Michigan State,2 Michigan,1 Virginia,3 Houston,2 Michigan State,1 Virginia,1 Virginia
Danielle Iserlis,1 Duke,8 VCU,12 Liberty,4 Va. Tech,6 Maryland,3 LSU,10 Minnesota,15 Bradley,1 Gonzaga,9 Baylor,12 Murray State,4 Florida State,6 Buffalo,14 N. Kentucky,7 Nevada,2 Michigan,1 Virginia,8 Ole Miss,12 Oregon,13 UC Irvine,6 Villanova,3 Purdue,7 Cincinnati,15 Colgate,16 Iona,9 Washington,5 Auburn,4 Kansas,6 Iowa St.,14 Georgia St.,7 Wofford,2 Kentucky,1 Duke,12 Liberty,3 LSU,15 Bradley,1 Gonzaga,4 Florida State,6 Buffalo,2 Michigan,1 Virginia,13 UC Irvine,3 Purdue,15 Colgate,9 Washington,4 Kansas,6 Iowa St.,7 Wofford,1 Duke,3 LSU,1 Gonzaga,2 Michigan,1 Virginia,3 Purdue,4 Kansas,6 Iowa St.,1 Duke,1 Gonzaga,3 Purdue,6 Iowa St.,1 Gonzaga,3 Purdue,1 Gonzaga
Go SUNY Tech,1 Duke,8 VCU,5 Miss State,4 Va. Tech,11 BELM/TEMP,3 LSU,7 Louisville,2 Michigan State,1 Gonzaga,8 Syracuse,12 Murray State,4 Florida State,6 Buffalo,3 Texas Tech,10 Florida,2 Michigan,1 Virginia,9 Oklahoma,5 Wisconsin,4 Kansas St.,6 Villanova,3 Purdue,7 Cincinnati,2 Tennessee,1 UNC,9 Washington,5 Auburn,4 Kansas,6 Iowa St.,3 Houston,10 Seton Hall,2 Kentucky,1 Duke,4 Va. Tech,3 LSU,2 Michigan State,1 Gonzaga,4 Florida State,6 Buffalo,2 Michigan,1 Virginia,5 Wisconsin,3 Purdue,2 Tennessee,1 UNC,5 Auburn,6 Iowa St.,2 Kentucky,1 Duke,2 Michigan State,1 Gonzaga,2 Michigan,1 Virginia,3 Purdue,1 UNC,2 Kentucky,2 Michigan State,1 Gonzaga,1 Virginia,2 Kentucky,1 Gonzaga,1 Virginia,1 Gonzaga
Ckillar1,1 Duke,8 VCU,5 Miss State,4 Va. Tech,11 BELM/TEMP,3 LSU,7 Louisville,2 Michigan State,1 Gonzaga,9 Baylor,5 Marquette,13 Vermont,6 Buffalo,3 Texas Tech,7 Nevada,2 Michigan,1 Virginia,8 Ole Miss,5 Wisconsin,4 Kansas St.,11 St. Mary's,3 Purdue,7 Cincinnati,2 Tennessee,1 UNC,8 Utah State,12 N. Mex St.,4 Kansas,6 Iowa St.,3 Houston,10 Seton Hall,2 Kentucky,1 Duke,5 Miss State,3 LSU,2 Michigan State,1 Gonzaga,13 Vermont,3 Texas Tech,2 Michigan,1 Virginia,5 Wisconsin,3 Purdue,2 Tennessee,1 UNC,4 Kansas,3 Houston,2 Kentucky,1 Duke,2 Michigan State,1 Gonzaga,3 Texas Tech,1 Virginia,2 Tennessee,1 UNC,2 Kentucky,2 Michigan State,3 Texas Tech,1 Virginia,2 Kentucky,3 Texas Tech,2 Kentucky,3 Texas Tech
Gimme the loot,1 Duke,8 VCU,5 Miss State,4 Va. Tech,6 Maryland,3 LSU,7 Louisville,2 Michigan State,1 Gonzaga,9 Baylor,5 Marquette,4 Florida State,11 AZST/St John,3 Texas Tech,10 Florida,2 Michigan,1 Virginia,9 Oklahoma,5 Wisconsin,4 Kansas St.,6 Villanova,14 Old Dominion,7 Cincinnati,2 Tennessee,1 UNC,9 Washington,12 N. Mex St.,4 Kansas,11 Ohio St.,14 Georgia St.,10 Seton Hall,2 Kentucky,1 Duke,5 Miss State,3 LSU,2 Michigan State,1 Gonzaga,5 Marquette,3 Texas Tech,2 Michigan,1 Virginia,5 Wisconsin,6 Villanova,7 Cincinnati,1 UNC,4 Kansas,11 Ohio St.,2 Kentucky,1 Duke,3 LSU,1 Gonzaga,2 Michigan,1 Virginia,6 Villanova,1 UNC,11 Ohio St.,1 Duke,2 Michigan,6 Villanova,1 UNC,1 Duke,1 UNC,1 Duke
gsuss,1 Duke,9 UCF,5 Miss State,4 Va. Tech,6 Maryland,3 LSU,7 Louisville,2 Michigan State,1 Gonzaga,8 Syracuse,5 Marquette,4 Florida State,6 Buffalo,3 Texas Tech,7 Nevada,2 Michigan,1 Virginia,9 Oklahoma,5 Wisconsin,4 Kansas St.,6 Villanova,3 Purdue,7 Cincinnati,2 Tennessee,1 UNC,8 Utah State,5 Auburn,4 Kansas,6 Iowa St.,3 Houston,10 Seton Hall,2 Kentucky,1 Duke,4 Va. Tech,3 LSU,7 Louisville,1 Gonzaga,5 Marquette,6 Buffalo,2 Michigan,1 Virginia,5 Wisconsin,6 Villanova,2 Tennessee,1 UNC,5 Auburn,6 Iowa St.,2 Kentucky,1 Duke,3 LSU,1 Gonzaga,2 Michigan,1 Virginia,6 Villanova,1 UNC,2 Kentucky,1 Duke,2 Michigan,1 Virginia,1 UNC,1 Duke,1 Virginia,1 Duke
My Bracket Sucks,1 Duke,9 UCF,5 Miss State,13 Saint Louis,11 BELM/TEMP,3 LSU,7 Louisville,2 Michigan State,1 Gonzaga,8 Syracuse,12 Murray State,4 Florida State,6 Buffalo,3 Texas Tech,7 Nevada,2 Michigan,1 Virginia,9 Oklahoma,12 Oregon,4 Kansas St.,6 Villanova,3 Purdue,10 Iowa,2 Tennessee,1 UNC,9 Washington,5 Auburn,4 Kansas,6 Iowa St.,3 Houston,10 Seton Hall,2 Kentucky,1 Duke,5 Miss State,3 LSU,2 Michigan State,1 Gonzaga,4 Florida State,6 Buffalo,2 Michigan,1 Virginia,12 Oregon,6 Villanova,2 Tennessee,1 UNC,4 Kansas,6 Iowa St.,10 Seton Hall,1 Duke,2 Michigan State,1 Gonzaga,2 Michigan,1 Virginia,6 Villanova,1 UNC,10 Seton Hall,1 Duke,1 Gonzaga,6 Villanova,1 UNC,1 Gonzaga,1 UNC,1 Gonzaga
DLee's Wife's Mount Zion,1 Duke,8 VCU,5 Miss State,4 Va. Tech,6 Maryland,3 LSU,7 Louisville,2 Michigan State,1 Gonzaga,9 Baylor,5 Marquette,4 Florida State,6 Buffalo,3 Texas Tech,10 Florida,2 Michigan,1 Virginia,8 Ole Miss,5 Wisconsin,4 Kansas St.,6 Villanova,3 Purdue,7 Cincinnati,2 Tennessee,1 UNC,8 Utah State,5 Auburn,4 Kansas,11 Ohio St.,3 Houston,7 Wofford,2 Kentucky,1 Duke,4 Va. Tech,3 LSU,2 Michigan State,1 Gonzaga,5 Marquette,3 Texas Tech,2 Michigan,1 Virginia,4 Kansas St.,6 Villanova,2 Tennessee,1 UNC,5 Auburn,11 Ohio St.,2 Kentucky,1 Duke,2 Michigan State,1 Gonzaga,2 Michigan,4 Kansas St.,2 Tennessee,1 UNC,2 Kentucky,1 Duke,2 Michigan,4 Kansas St.,1 UNC,1 Duke,1 UNC,1 Duke
Julie M,1 Duke,9 UCF,12 Liberty,4 Va. Tech,11 BELM/TEMP,3 LSU,7 Louisville,2 Michigan State,1 Gonzaga,8 Syracuse,5 Marquette,4 Florida State,6 Buffalo,3 Texas Tech,10 Florida,2 Michigan,1 Virginia,8 Ole Miss,5 Wisconsin,4 Kansas St.,6 Villanova,3 Purdue,7 Cincinnati,2 Tennessee,1 UNC,8 Utah State,12 N. Mex St.,13 Northeastern,6 Iowa St.,3 Houston,7 Wofford,2 Kentucky,1 Duke,4 Va. Tech,3 LSU,2 Michigan State,1 Gonzaga,5 Marquette,6 Buffalo,2 Michigan,8 Ole Miss,4 Kansas St.,3 Purdue,2 Tennessee,1 UNC,12 N. Mex St.,3 Houston,2 Kentucky,4 Va. Tech,3 LSU,1 Gonzaga,2 Michigan,8 Ole Miss,3 Purdue,1 UNC,3 Houston,3 LSU,1 Gonzaga,3 Purdue,1 UNC,1 Gonzaga,3 Purdue,1 Gonzaga
Dan G.,1 Duke,9 UCF,5 Miss State,4 Va. Tech,6 Maryland,3 LSU,7 Louisville,2 Michigan State,1 Gonzaga,8 Syracuse,5 Marquette,4 Florida State,6 Buffalo,3 Texas Tech,10 Florida,2 Michigan,1 Virginia,9 Oklahoma,5 Wisconsin,4 Kansas St.,11 St. Mary's,3 Purdue,7 Cincinnati,2 Tennessee,1 UNC,8 Utah State,5 Auburn,4 Kansas,6 Iowa St.,3 Houston,7 Wofford,2 Kentucky,1 Duke,4 Va. Tech,3 LSU,2 Michigan State,1 Gonzaga,4 Florida State,3 Texas Tech,2 Michigan,1 Virginia,5 Wisconsin,3 Purdue,2 Tennessee,1 UNC,5 Auburn,6 Iowa St.,2 Kentucky,1 Duke,2 Michigan State,1 Gonzaga,3 Texas Tech,1 Virginia,2 Tennessee,1 UNC,2 Kentucky,1 Duke,1 Gonzaga,1 Virginia,2 Kentucky,1 Gonzaga,1 Virginia,1 Gonzaga
AS1's Pool,1 Duke,8 VCU,5 Miss State,13 Saint Louis,6 Maryland,3 LSU,10 Minnesota,2 Michigan State,1 Gonzaga,8 Syracuse,12 Murray State,13 Vermont,6 Buffalo,3 Texas Tech,10 Florida,2 Michigan,1 Virginia,9 Oklahoma,12 Oregon,13 UC Irvine,6 Villanova,14 Old Dominion,10 Iowa,2 Tennessee,1 UNC,9 Washington,5 Auburn,4 Kansas,6 Iowa St.,3 Houston,10 Seton Hall,2 Kentucky,1 Duke,13 Saint Louis,6 Maryland,2 Michigan State,1 Gonzaga,12 Murray State,6 Buffalo,2 Michigan,1 Virginia,12 Oregon,6 Villanova,10 Iowa,1 UNC,5 Auburn,6 Iowa St.,2 Kentucky,1 Duke,2 Michigan State,1 Gonzaga,2 Michigan,1 Virginia,6 Villanova,1 UNC,2 Kentucky,1 Duke,1 Gonzaga,1 Virginia,1 UNC,1 Gonzaga,1 Virginia,1 Gonzaga
Gene's Picks,1 Duke,9 UCF,5 Miss State,4 Va. Tech,6 Maryland,3 LSU,10 Minnesota,2 Michigan State,1 Gonzaga,9 Baylor,5 Marquette,4 Florida State,6 Buffalo,3 Texas Tech,10 Florida,2 Michigan,1 Virginia,8 Ole Miss,5 Wisconsin,4 Kansas St.,6 Villanova,3 Purdue,10 Iowa,2 Tennessee,1 UNC,9 Washington,5 Auburn,4 Kansas,11 Ohio St.,3 Houston,10 Seton Hall,2 Kentucky,1 Duke,5 Miss State,6 Maryland,2 Michigan State,1 Gonzaga,5 Marquette,3 Texas Tech,10 Florida,1 Virginia,5 Wisconsin,6 Villanova,2 Tennessee,1 UNC,5 Auburn,3 Houston,2 Kentucky,1 Duke,2 Michigan State,1 Gonzaga,3 Texas Tech,1 Virginia,2 Tennessee,1 UNC,2 Kentucky,1 Duke,3 Texas Tech,1 Virginia,2 Kentucky,1 Duke,1 Virginia,1 Virginia
Yogi Bear,1 Duke,9 UCF,12 Liberty,4 Va. Tech,6 Maryland,14 Yale,7 Louisville,2 Michigan State,1 Gonzaga,8 Syracuse,12 Murray State,4 Florida State,6 Buffalo,3 Texas Tech,10 Florida,2 Michigan,1 Virginia,9 Oklahoma,5 Wisconsin,13 UC Irvine,6 Villanova,3 Purdue,10 Iowa,2 Tennessee,1 UNC,8 Utah State,5 Auburn,4 Kansas,6 Iowa St.,3 Houston,7 Wofford,2 Kentucky,1 Duke,4 Va. Tech,6 Maryland,2 Michigan State,1 Gonzaga,12 Murray State,6 Buffalo,2 Michigan,1 Virginia,5 Wisconsin,6 Villanova,2 Tennessee,1 UNC,5 Auburn,3 Houston,2 Kentucky,1 Duke,2 Michigan State,1 Gonzaga,2 Michigan,1 Virginia,2 Tennessee,1 UNC,3 Houston,1 Duke,2 Michigan,2 Tennessee,1 UNC,1 Duke,1 UNC,1 Duke
Shez 2,1 Duke,9 UCF,5 Miss State,4 Va. Tech,6 Maryland,3 LSU,7 Louisville,2 Michigan State,1 Gonzaga,9 Baylor,5 Marquette,4 Florida State,6 Buffalo,3 Texas Tech,7 Nevada,2 Michigan,1 Virginia,8 Ole Miss,5 Wisconsin,4 Kansas St.,6 Villanova,3 Purdue,7 Cincinnati,2 Tennessee,1 UNC,8 Utah State,5 Auburn,4 Kansas,6 Iowa St.,3 Houston,7 Wofford,2 Kentucky,1 Duke,5 Miss State,3 LSU,2 Michigan State,1 Gonzaga,5 Marquette,3 Texas Tech,2 Michigan,1 Virginia,5 Wisconsin,3 Purdue,2 Tennessee,1 UNC,4 Kansas,3 Houston,2 Kentucky,1 Duke,3 LSU,1 Gonzaga,3 Texas Tech,1 Virginia,2 Tennessee,1 UNC,2 Kentucky,1 Duke,1 Gonzaga,1 Virginia,2 Kentucky,1 Duke,2 Kentucky,1 Duke
Corliss > Zion,1 Duke,9 UCF,12 Liberty,4 Va. Tech,11 BELM/TEMP,3 LSU,7 Louisville,2 Michigan State,1 Gonzaga,8 Syracuse,12 Murray State,13 Vermont,6 Buffalo,14 N. Kentucky,7 Nevada,2 Michigan,1 Virginia,8 Ole Miss,5 Wisconsin,13 UC Irvine,6 Villanova,3 Purdue,7 Cincinnati,2 Tennessee,1 UNC,8 Utah State,5 Auburn,4 Kansas,11 Ohio St.,3 Houston,7 Wofford,2 Kentucky,1 Duke,4 Va. Tech,11 BELM/TEMP,2 Michigan State,1 Gonzaga,12 Murray State,6 Buffalo,2 Michigan,1 Virginia,13 UC Irvine,6 Villanova,7 Cincinnati,8 Utah State,4 Kansas,3 Houston,7 Wofford,1 Duke,2 Michigan State,12 Murray State,6 Buffalo,1 Virginia,6 Villanova,4 Kansas,3 Houston,1 Duke,6 Buffalo,1 Virginia,4 Kansas,1 Duke,1 Virginia,1 Virginia
west coast best coast,1 Duke,8 VCU,5 Miss State,4 Va. Tech,6 Maryland,14 Yale,7 Louisville,2 Michigan State,1 Gonzaga,8 Syracuse,5 Marquette,4 Florida State,6 Buffalo,3 Texas Tech,10 Florida,2 Michigan,1 Virginia,9 Oklahoma,12 Oregon,13 UC Irvine,6 Villanova,3 Purdue,7 Cincinnati,2 Tennessee,1 UNC,9 Washington,12 N. Mex St.,4 Kansas,11 Ohio St.,3 Houston,10 Seton Hall,2 Kentucky,1 Duke,4 Va. Tech,6 Maryland,2 Michigan State,1 Gonzaga,4 Florida State,6 Buffalo,2 Michigan,1 Virginia,12 Oregon,6 Villanova,2 Tennessee,9 Washington,4 Kansas,3 Houston,2 Kentucky,1 Duke,2 Michigan State,1 Gonzaga,2 Michigan,1 Virginia,2 Tennessee,4 Kansas,2 Kentucky,1 Duke,2 Michigan,1 Virginia,2 Kentucky,1 Duke,1 Virginia,1 Duke
My Toddlers Picks,1 Duke,8 VCU,12 Liberty,4 Va. Tech,6 Maryland,3 LSU,7 Louisville,2 Michigan State,1 Gonzaga,9 Baylor,5 Marquette,4 Florida State,6 Buffalo,3 Texas Tech,10 Florida,2 Michigan,1 Virginia,8 Ole Miss,5 Wisconsin,13 UC Irvine,6 Villanova,3 Purdue,7 Cincinnati,2 Tennessee,1 UNC,9 Washington,5 Auburn,4 Kansas,11 Ohio St.,3 Houston,7 Wofford,2 Kentucky,8 VCU,4 Va. Tech,6 Maryland,2 Michigan State,9 Baylor,4 Florida State,6 Buffalo,2 Michigan,1 Virginia,5 Wisconsin,3 Purdue,7 Cincinnati,9 Washington,4 Kansas,3 Houston,2 Kentucky,4 Va. Tech,2 Michigan State,4 Florida State,6 Buffalo,1 Virginia,3 Purdue,9 Washington,2 Kentucky,4 Va. Tech,6 Buffalo,1 Virginia,2 Kentucky,6 Buffalo,1 Virginia,1 Virginia
Sprinkles,1 Duke,9 UCF,5 Miss State,4 Va. Tech,11 BELM/TEMP,3 LSU,10 Minnesota,2 Michigan State,1 Gonzaga,9 Baylor,5 Marquette,4 Florida State,6 Buffalo,3 Texas Tech,10 Florida,2 Michigan,1 Virginia,9 Oklahoma,12 Oregon,4 Kansas St.,6 Villanova,3 Purdue,10 Iowa,2 Tennessee,1 UNC,8 Utah State,12 N. Mex St.,4 Kansas,6 Iowa St.,14 Georgia St.,10 Seton Hall,2 Kentucky,1 Duke,4 Va. Tech,3 LSU,2 Michigan State,1 Gonzaga,4 Florida State,6 Buffalo,10 Florida,1 Virginia,12 Oregon,6 Villanova,2 Tennessee,1 UNC,12 N. Mex St.,6 Iowa St.,2 Kentucky,1 Duke,2 Michigan State,1 Gonzaga,6 Buffalo,1 Virginia,2 Tennessee,1 UNC,2 Kentucky,1 Duke,6 Buffalo,2 Tennessee,1 UNC,1 Duke,1 UNC,1 UNC
PapaBias,1 Duke,8 VCU,5 Miss State,4 Va. Tech,11 BELM/TEMP,14 Yale,7 Louisville,2 Michigan State,1 Gonzaga,8 Syracuse,5 Marquette,4 Florida State,6 Buffalo,3 Texas Tech,7 Nevada,2 Michigan,1 Virginia,9 Oklahoma,5 Wisconsin,13 UC Irvine,6 Villanova,14 Old Dominion,10 Iowa,2 Tennessee,1 UNC,8 Utah State,12 N. Mex St.,4 Kansas,11 Ohio St.,3 Houston,7 Wofford,2 Kentucky,1 Duke,4 Va. Tech,11 BELM/TEMP,2 Michigan State,8 Syracuse,4 Florida State,3 Texas Tech,2 Michigan,1 Virginia,5 Wisconsin,6 Villanova,2 Tennessee,1 UNC,4 Kansas,3 Houston,2 Kentucky,1 Duke,2 Michigan State,4 Florida State,3 Texas Tech,5 Wisconsin,2 Tennessee,1 UNC,3 Houston,1 Duke,3 Texas Tech,5 Wisconsin,1 UNC,1 Duke,1 UNC,1 Duke
Bulldogs Arf #2,1 Duke,9 UCF,5 Miss State,4 Va. Tech,11 BELM/TEMP,3 LSU,7 Louisville,2 Michigan State,1 Gonzaga,9 Baylor,12 Murray State,4 Florida State,6 Buffalo,3 Texas Tech,10 Florida,2 Michigan,1 Virginia,8 Ole Miss,5 Wisconsin,4 Kansas St.,11 St. Mary's,3 Purdue,10 Iowa,2 Tennessee,1 UNC,8 Utah State,5 Auburn,4 Kansas,6 Iowa St.,3 Houston,7 Wofford,2 Kentucky,1 Duke,4 Va. Tech,3 LSU,2 Michigan State,1 Gonzaga,4 Florida State,3 Texas Tech,10 Florida,1 Virginia,5 Wisconsin,3 Purdue,2 Tennessee,1 UNC,5 Auburn,6 Iowa St.,2 Kentucky,4 Va. Tech,2 Michigan State,1 Gonzaga,3 Texas Tech,1 Virginia,3 Purdue,5 Auburn,2 Kentucky,2 Michigan State,1 Gonzaga,1 Virginia,2 Kentucky,1 Gonzaga,1 Virginia,1 Virginia
Sydney's College Fund,1 Duke,8 VCU,5 Miss State,4 Va. Tech,6 Maryland,3 LSU,10 Minnesota,2 Michigan State,1 Gonzaga,9 Baylor,12 Murray State,4 Florida State,6 Buffalo,3 Texas Tech,7 Nevada,2 Michigan,1 Virginia,9 Oklahoma,12 Oregon,4 Kansas St.,11 St. Mary's,3 Purdue,10 Iowa,2 Tennessee,1 UNC,8 Utah State,5 Auburn,4 Kansas,6 Iowa St.,3 Houston,10 Seton Hall,2 Kentucky,1 Duke,5 Miss State,6 Maryland,2 Michigan State,1 Gonzaga,12 Murray State,6 Buffalo,2 Michigan,1 Virginia,12 Oregon,3 Purdue,2 Tennessee,1 UNC,4 Kansas,3 Houston,2 Kentucky,1 Duke,2 Michigan State,1 Gonzaga,6 Buffalo,1 Virginia,2 Tennessee,1 UNC,2 Kentucky,1 Duke,1 Gonzaga,2 Tennessee,1 UNC,1 Duke,2 Tennessee,1 Duke
qvollmert,1 Duke,9 UCF,5 Miss State,4 Va. Tech,6 Maryland,3 LSU,10 Minnesota,2 Michigan State,1 Gonzaga,8 Syracuse,12 Murray State,4 Florida State,6 Buffalo,3 Texas Tech,7 Nevada,2 Michigan,1 Virginia,8 Ole Miss,5 Wisconsin,13 UC Irvine,11 St. Mary's,3 Purdue,7 Cincinnati,2 Tennessee,1 UNC,9 Washington,5 Auburn,13 Northeastern,11 Ohio St.,3 Houston,10 Seton Hall,2 Kentucky,1 Duke,4 Va. Tech,3 LSU,2 Michigan State,1 Gonzaga,4 Florida State,6 Buffalo,2 Michigan,1 Virginia,13 UC Irvine,3 Purdue,2 Tennessee,1 UNC,5 Auburn,3 Houston,2 Kentucky,1 Duke,3 LSU,4 Florida State,2 Michigan,1 Virginia,3 Purdue,5 Auburn,3 Houston,1 Duke,2 Michigan,3 Purdue,3 Houston,1 Duke,3 Houston,1 Duke
uclakav,1 Duke,9 UCF,5 Miss State,4 Va. Tech,11 BELM/TEMP,3 LSU,10 Minnesota,2 Michigan State,1 Gonzaga,8 Syracuse,5 Marquette,4 Florida State,6 Buffalo,14 N. Kentucky,10 Florida,2 Michigan,1 Virginia,8 Ole Miss,12 Oregon,4 Kansas St.,6 Villanova,3 Purdue,10 Iowa,2 Tennessee,1 UNC,9 Washington,5 Auburn,4 Kansas,11 Ohio St.,3 Houston,7 Wofford,2 Kentucky,1 Duke,4 Va. Tech,3 LSU,2 Michigan State,1 Gonzaga,4 Florida State,6 Buffalo,2 Michigan,1 Virginia,4 Kansas St.,3 Purdue,10 Iowa,1 UNC,5 Auburn,3 Houston,2 Kentucky,1 Duke,3 LSU,4 Florida State,2 Michigan,1 Virginia,3 Purdue,1 UNC,2 Kentucky,1 Duke,2 Michigan,3 Purdue,1 UNC,1 Duke,1 UNC,1 UNC
Geoffs winners,1 Duke,9 UCF,5 Miss State,4 Va. Tech,6 Maryland,14 Yale,7 Louisville,2 Michigan State,1 Gonzaga,8 Syracuse,5 Marquette,4 Florida State,6 Buffalo,3 Texas Tech,10 Florida,2 Michigan,1 Virginia,9 Oklahoma,12 Oregon,4 Kansas St.,6 Villanova,3 Purdue,7 Cincinnati,2 Tennessee,1 UNC,8 Utah State,5 Auburn,4 Kansas,6 Iowa St.,3 Houston,7 Wofford,2 Kentucky,1 Duke,5 Miss State,6 Maryland,2 Michigan State,1 Gonzaga,4 Florida State,6 Buffalo,2 Michigan,9 Oklahoma,12 Oregon,6 Villanova,2 Tennessee,1 UNC,5 Auburn,6 Iowa St.,2 Kentucky,1 Duke,2 Michigan State,4 Florida State,6 Buffalo,9 Oklahoma,2 Tennessee,1 UNC,2 Kentucky,1 Duke,4 Florida State,2 Tennessee,1 UNC,1 Duke,2 Tennessee,1 Duke
Sprague The Whisperer,1 Duke,9 UCF,5 Miss State,4 Va. Tech,6 Maryland,3 LSU,10 Minnesota,2 Michigan State,1 Gonzaga,8 Syracuse,5 Marquette,4 Florida State,6 Buffalo,3 Texas Tech,7 Nevada,2 Michigan,1 Virginia,9 Oklahoma,5 Wisconsin,13 UC Irvine,6 Villanova,3 Purdue,7 Cincinnati,2 Tennessee,1 UNC,9 Washington,5 Auburn,4 Kansas,6 Iowa St.,3 Houston,10 Seton Hall,2 Kentucky,1 Duke,4 Va. Tech,3 LSU,2 Michigan State,1 Gonzaga,4 Florida State,6 Buffalo,2 Michigan,1 Virginia,13 UC Irvine,6 Villanova,7 Cincinnati,1 UNC,4 Kansas,6 Iowa St.,2 Kentucky,1 Duke,2 Michigan State,4 Florida State,2 Michigan,1 Virginia,7 Cincinnati,1 UNC,6 Iowa St.,1 Duke,2 Michigan,7 Cincinnati,1 UNC,1 Duke,1 UNC,1 Duke
Coach Kroojawoowski,1 Duke,8 VCU,5 Miss State,4 Va. Tech,11 BELM/TEMP,3 LSU,10 Minnesota,2 Michigan State,1 Gonzaga,9 Baylor,12 Murray State,4 Florida State,11 AZST/St John,3 Texas Tech,10 Florida,2 Michigan,1 Virginia,8 Ole Miss,5 Wisconsin,4 Kansas St.,11 St. Mary's,3 Purdue,10 Iowa,2 Tennessee,1 UNC,9 Washington,12 N. Mex St.,4 Kansas,6 Iowa St.,3 Houston,10 Seton Hall,2 Kentucky,1 Duke,5 Miss State,3 LSU,2 Michigan State,1 Gonzaga,4 Florida State,3 Texas Tech,2 Michigan,1 Virginia,5 Wisconsin,11 St. Mary's,2 Tennessee,1 UNC,4 Kansas,6 Iowa St.,2 Kentucky,1 Duke,3 LSU,1 Gonzaga,3 Texas Tech,1 Virginia,2 Tennessee,1 UNC,2 Kentucky,1 Duke,3 Texas Tech,1 Virginia,1 UNC,1 Duke,1 Virginia,1 Duke
Disco Pants and Haircuts,1 Duke,9 UCF,12 Liberty,4 Va. Tech,11 BELM/TEMP,3 LSU,7 Louisville,2 Michigan State,1 Gonzaga,8 Syracuse,12 Murray State,4 Florida State,6 Buffalo,3 Texas Tech,7 Nevada,2 Michigan,1 Virginia,9 Oklahoma,5 Wisconsin,13 UC Irvine,6 Villanova,3 Purdue,7 Cincinnati,2 Tennessee,1 UNC,8 Utah State,12 N. Mex St.,4 Kansas,6 Iowa St.,3 Houston,7 Wofford,2 Kentucky,1 Duke,4 Va. Tech,3 LSU,2 Michigan State,1 Gonzaga,4 Florida State,3 Texas Tech,7 Nevada,1 Virginia,5 Wisconsin,3 Purdue,2 Tennessee,1 UNC,4 Kansas,3 Houston,7 Wofford,1 Duke,2 Michigan State,1 Gonzaga,7 Nevada,1 Virginia,2 Tennessee,1 UNC,3 Houston,2 Michigan State,1 Gonzaga,1 Virginia,1 UNC,1 Gonzaga,1 Virginia,1 Virginia
Team ODB2,1 Duke,9 UCF,12 Liberty,4 Va. Tech,6 Maryland,14 Yale,10 Minnesota,2 Michigan State,1 Gonzaga,8 Syracuse,5 Marquette,4 Florida State,6 Buffalo,3 Texas Tech,7 Nevada,2 Michigan,1 Virginia,8 Ole Miss,12 Oregon,13 UC Irvine,11 St. Mary's,3 Purdue,7 Cincinnati,2 Tennessee,1 UNC,8 Utah State,12 N. Mex St.,4 Kansas,6 Iowa St.,3 Houston,10 Seton Hall,2 Kentucky,1 Duke,4 Va. Tech,6 Maryland,2 Michigan State,8 Syracuse,5 Marquette,6 Buffalo,7 Nevada,1 Virginia,12 Oregon,3 Purdue,7 Cincinnati,1 UNC,12 N. Mex St.,6 Iowa St.,2 Kentucky,1 Duke,6 Maryland,5 Marquette,6 Buffalo,1 Virginia,3 Purdue,1 UNC,2 Kentucky,1 Duke,5 Marquette,1 Virginia,2 Kentucky,1 Duke,1 Virginia,1 Duke
cbirn,1 Duke,9 UCF,12 Liberty,4 Va. Tech,11 BELM/TEMP,3 LSU,7 Louisville,2 Michigan State,1 Gonzaga,9 Baylor,5 Marquette,4 Florida State,6 Buffalo,3 Texas Tech,10 Florida,2 Michigan,1 Virginia,8 Ole Miss,12 Oregon,13 UC Irvine,6 Villanova,3 Purdue,7 Cincinnati,2 Tennessee,1 UNC,9 Washington,5 Auburn,4 Kansas,6 Iowa St.,3 Houston,10 Seton Hall,2 Kentucky,1 Duke,4 Va. Tech,11 BELM/TEMP,2 Michigan State,1 Gonzaga,4 Florida State,6 Buffalo,2 Michigan,1 Virginia,13 UC Irvine,3 Purdue,7 Cincinnati,1 UNC,4 Kansas,3 Houston,2 Kentucky,1 Duke,2 Michigan State,4 Florida State,2 Michigan,1 Virginia,7 Cincinnati,1 UNC,2 Kentucky,1 Duke,2 Michigan,1 Virginia,1 UNC,1 Duke,1 UNC,1 Duke
Skinnyjam,1 Duke,8 VCU,5 Miss State,4 Va. Tech,6 Maryland,3 LSU,10 Minnesota,2 Michigan State,1 Gonzaga,8 Syracuse,5 Marquette,4 Florida State,6 Buffalo,3 Texas Tech,10 Florida,2 Michigan,1 Virginia,9 Oklahoma,5 Wisconsin,4 Kansas St.,11 St. Mary's,3 Purdue,10 Iowa,2 Tennessee,1 UNC,8 Utah State,5 Auburn,4 Kansas,6 Iowa St.,14 Georgia St.,7 Wofford,2 Kentucky,1 Duke,4 Va. Tech,3 LSU,2 Michigan State,1 Gonzaga,4 Florida State,3 Texas Tech,2 Michigan,1 Virginia,4 Kansas St.,3 Purdue,2 Tennessee,1 UNC,5 Auburn,6 Iowa St.,2 Kentucky,1 Duke,2 Michigan State,1 Gonzaga,3 Texas Tech,1 Virginia,2 Tennessee,1 UNC,2 Kentucky,1 Duke,3 Texas Tech,2 Tennessee,1 UNC,1 Duke,1 UNC,1 Duke
Dat Bracket Doe,1 Duke,9 UCF,5 Miss State,4 Va. Tech,11 BELM/TEMP,14 Yale,10 Minnesota,2 Michigan State,1 Gonzaga,8 Syracuse,12 Murray State,4 Florida State,6 Buffalo,3 Texas Tech,10 Florida,2 Michigan,1 Virginia,8 Ole Miss,12 Oregon,13 UC Irvine,6 Villanova,3 Purdue,7 Cincinnati,2 Tennessee,1 UNC,8 Utah State,12 N. Mex St.,4 Kansas,6 Iowa St.,3 Houston,7 Wofford,2 Kentucky,1 Duke,4 Va. Tech,11 BELM/TEMP,2 Michigan State,1 Gonzaga,4 Florida State,3 Texas Tech,2 Michigan,1 Virginia,13 UC Irvine,3 Purdue,2 Tennessee,1 UNC,4 Kansas,3 Houston,2 Kentucky,1 Duke,2 Michigan State,4 Florida State,2 Michigan,1 Virginia,2 Tennessee,1 UNC,2 Kentucky,1 Duke,2 Michigan,2 Tennessee,1 UNC,1 Duke,2 Tennessee,2 Tennessee
Geoff pool 2,1 Duke,8 VCU,5 Miss State,4 Va. Tech,6 Maryland,3 LSU,7 Louisville,2 Michigan State,1 Gonzaga,9 Baylor,5 Marquette,4 Florida State,6 Buffalo,3 Texas Tech,7 Nevada,2 Michigan,1 Virginia,8 Ole Miss,5 Wisconsin,4 Kansas St.,6 Villanova,3 Purdue,7 Cincinnati,2 Tennessee,1 UNC,8 Utah State,5 Auburn,4 Kansas,6 Iowa St.,3 Houston,7 Wofford,2 Kentucky,1 Duke,5 Miss State,6 Maryland,2 Michigan State,1 Gonzaga,4 Florida State,6 Buffalo,2 Michigan,1 Virginia,4 Kansas St.,6 Villanova,2 Tennessee,1 UNC,4 Kansas,3 Houston,2 Kentucky,1 Duke,2 Michigan State,4 Florida State,6 Buffalo,1 Virginia,2 Tennessee,1 UNC,2 Kentucky,1 Duke,4 Florida State,1 Virginia,1 UNC,1 Duke,1 UNC,1 Duke
Eric M Entry,1 Duke,9 UCF,5 Miss State,4 Va. Tech,6 Maryland,14 Yale,7 Louisville,2 Michigan State,1 Gonzaga,8 Syracuse,5 Marquette,4 Florida State,6 Buffalo,3 Texas Tech,10 Florida,2 Michigan,1 Virginia,8 Ole Miss,12 Oregon,4 Kansas St.,11 St. Mary's,3 Purdue,10 Iowa,2 Tennessee,1 UNC,8 Utah State,5 Auburn,4 Kansas,6 Iowa St.,3 Houston,10 Seton Hall,2 Kentucky,1 Duke,4 Va. Tech,6 Maryland,7 Louisville,1 Gonzaga,4 Florida State,6 Buffalo,2 Michigan,1 Virginia,12 Oregon,3 Purdue,2 Tennessee,1 UNC,5 Auburn,6 Iowa St.,2 Kentucky,1 Duke,7 Louisville,1 Gonzaga,2 Michigan,1 Virginia,2 Tennessee,5 Auburn,2 Kentucky,1 Duke,1 Gonzaga,2 Tennessee,2 Kentucky,1 Gonzaga,2 Tennessee,2 Tennessee
GoDucks,1 Duke,8 VCU,12 Liberty,4 Va. Tech,11 BELM/TEMP,14 Yale,10 Minnesota,2 Michigan State,1 Gonzaga,9 Baylor,12 Murray State,4 Florida State,6 Buffalo,3 Texas Tech,10 Florida,2 Michigan,1 Virginia,9 Oklahoma,12 Oregon,4 Kansas St.,6 Villanova,14 Old Dominion,7 Cincinnati,2 Tennessee,1 UNC,9 Washington,12 N. Mex St.,4 Kansas,11 Ohio St.,3 Houston,10 Seton Hall,2 Kentucky,1 Duke,4 Va. Tech,11 BELM/TEMP,2 Michigan State,1 Gonzaga,4 Florida State,6 Buffalo,2 Michigan,1 Virginia,12 Oregon,6 Villanova,2 Tennessee,1 UNC,4 Kansas,11 Ohio St.,2 Kentucky,1 Duke,2 Michigan State,1 Gonzaga,2 Michigan,12 Oregon,2 Tennessee,1 UNC,2 Kentucky,1 Duke,1 Gonzaga,2 Tennessee,2 Kentucky,1 Duke,2 Kentucky,2 Kentucky
Todd's Wife,1 Duke,9 UCF,5 Miss State,4 Va. Tech,6 Maryland,3 LSU,10 Minnesota,2 Michigan State,1 Gonzaga,9 Baylor,12 Murray State,4 Florida State,6 Buffalo,3 Texas Tech,10 Florida,2 Michigan,1 Virginia,9 Oklahoma,5 Wisconsin,4 Kansas St.,6 Villanova,3 Purdue,7 Cincinnati,2 Tennessee,1 UNC,8 Utah State,5 Auburn,4 Kansas,6 Iowa St.,3 Houston,10 Seton Hall,2 Kentucky,1 Duke,5 Miss State,3 LSU,2 Michigan State,1 Gonzaga,4 Florida State,3 Texas Tech,10 Florida,1 Virginia,4 Kansas St.,6 Villanova,2 Tennessee,1 UNC,4 Kansas,3 Houston,2 Kentucky,1 Duke,2 Michigan State,1 Gonzaga,3 Texas Tech,1 Virginia,2 Tennessee,1 UNC,2 Kentucky,2 Michigan State,3 Texas Tech,1 Virginia,1 UNC,2 Michigan State,1 UNC,1 UNC
Team ODB,1 Duke,9 UCF,5 Miss State,4 Va. Tech,11 BELM/TEMP,3 LSU,7 Louisville,2 Michigan State,1 Gonzaga,8 Syracuse,12 Murray State,4 Florida State,6 Buffalo,3 Texas Tech,7 Nevada,2 Michigan,1 Virginia,8 Ole Miss,5 Wisconsin,4 Kansas St.,6 Villanova,3 Purdue,7 Cincinnati,2 Tennessee,1 UNC,8 Utah State,5 Auburn,4 Kansas,6 Iowa St.,3 Houston,10 Seton Hall,2 Kentucky,1 Duke,5 Miss State,3 LSU,2 Michigan State,1 Gonzaga,4 Florida State,6 Buffalo,2 Michigan,1 Virginia,4 Kansas St.,3 Purdue,7 Cincinnati,1 UNC,5 Auburn,6 Iowa St.,2 Kentucky,5 Miss State,3 LSU,1 Gonzaga,6 Buffalo,4 Kansas St.,3 Purdue,1 UNC,2 Kentucky,3 LSU,1 Gonzaga,4 Kansas St.,2 Kentucky,1 Gonzaga,4 Kansas St.,1 Gonzaga
YOU ARE UG-LY,1 Duke,9 UCF,5 Miss State,4 Va. Tech,11 BELM/TEMP,3 LSU,10 Minnesota,2 Michigan State,1 Gonzaga,9 Baylor,5 Marquette,4 Florida State,6 Buffalo,3 Texas Tech,10 Florida,2 Michigan,1 Virginia,9 Oklahoma,12 Oregon,4 Kansas St.,6 Villanova,3 Purdue,7 Cincinnati,2 Tennessee,1 UNC,8 Utah State,5 Auburn,4 Kansas,6 Iowa St.,3 Houston,7 Wofford,2 Kentucky,1 Duke,4 Va. Tech,3 LSU,2 Michigan State,1 Gonzaga,5 Marquette,3 Texas Tech,2 Michigan,1 Virginia,4 Kansas St.,3 Purdue,2 Tennessee,1 UNC,5 Auburn,3 Houston,2 Kentucky,1 Duke,2 Michigan State,1 Gonzaga,3 Texas Tech,1 Virginia,3 Purdue,1 UNC,2 Kentucky,1 Duke,1 Gonzaga,1 Virginia,2 Kentucky,1 Gonzaga,1 Virginia,1 Gonzaga
augdiggity,1 Duke,9 UCF,12 Liberty,4 Va. Tech,6 Maryland,3 LSU,10 Minnesota,2 Michigan State,1 Gonzaga,8 Syracuse,5 Marquette,4 Florida State,6 Buffalo,3 Texas Tech,10 Florida,2 Michigan,1 Virginia,8 Ole Miss,12 Oregon,4 Kansas St.,11 St. Mary's,3 Purdue,10 Iowa,2 Tennessee,1 UNC,9 Washington,5 Auburn,4 Kansas,11 Ohio St.,3 Houston,10 Seton Hall,2 Kentucky,1 Duke,4 Va. Tech,3 LSU,2 Michigan State,1 Gonzaga,4 Florida State,3 Texas Tech,2 Michigan,1 Virginia,4 Kansas St.,3 Purdue,2 Tennessee,1 UNC,5 Auburn,3 Houston,2 Kentucky,1 Duke,2 Michigan State,1 Gonzaga,2 Michigan,1 Virginia,2 Tennessee,1 UNC,2 Kentucky,1 Duke,2 Michigan,1 Virginia,1 UNC,1 Duke,1 UNC,1 Duke
FeelingLucky2019,1 Duke,9 UCF,5 Miss State,4 Va. Tech,6 Maryland,3 LSU,7 Louisville,2 Michigan State,1 Gonzaga,9 Baylor,5 Marquette,4 Florida State,6 Buffalo,3 Texas Tech,7 Nevada,2 Michigan,1 Virginia,8 Ole Miss,5 Wisconsin,4 Kansas St.,6 Villanova,3 Purdue,10 Iowa,2 Tennessee,1 UNC,9 Washington,5 Auburn,4 Kansas,6 Iowa St.,3 Houston,10 Seton Hall,2 Kentucky,1 Duke,4 Va. Tech,3 LSU,2 Michigan State,1 Gonzaga,5 Marquette,3 Texas Tech,2 Michigan,1 Virginia,4 Kansas St.,3 Purdue,2 Tennessee,1 UNC,4 Kansas,3 Houston,2 Kentucky,1 Duke,2 Michigan State,1 Gonzaga,2 Michigan,1 Virginia,2 Tennessee,1 UNC,2 Kentucky,1 Duke,1 Gonzaga,2 Tennessee,1 UNC,1 Gonzaga,1 UNC,1 Gonzaga
All the Fish,1 Duke,9 UCF,12 Liberty,4 Va. Tech,6 Maryland,3 LSU,7 Louisville,2 Michigan State,1 Gonzaga,8 Syracuse,12 Murray State,4 Florida State,6 Buffalo,3 Texas Tech,10 Florida,2 Michigan,1 Virginia,9 Oklahoma,12 Oregon,4 Kansas St.,11 St. Mary's,3 Purdue,10 Iowa,2 Tennessee,1 UNC,8 Utah State,12 N. Mex St.,4 Kansas,6 Iowa St.,3 Houston,10 Seton Hall,2 Kentucky,1 Duke,4 Va. Tech,6 Maryland,2 Michigan State,1 Gonzaga,4 Florida State,6 Buffalo,10 Florida,1 Virginia,4 Kansas St.,11 St. Mary's,2 Tennessee,1 UNC,4 Kansas,6 Iowa St.,2 Kentucky,1 Duke,2 Michigan State,1 Gonzaga,6 Buffalo,1 Virginia,2 Tennessee,1 UNC,2 Kentucky,1 Duke,1 Gonzaga,1 Virginia,1 UNC,1 Duke,1 UNC,1 Duke
Sanjita Mamacita,1 Duke,9 UCF,5 Miss State,4 Va. Tech,6 Maryland,3 LSU,7 Louisville,2 Michigan State,1 Gonzaga,9 Baylor,5 Marquette,4 Florida State,6 Buffalo,3 Texas Tech,10 Florida,2 Michigan,1 Virginia,9 Oklahoma,12 Oregon,4 Kansas St.,6 Villanova,3 Purdue,10 Iowa,2 Tennessee,1 UNC,9 Washington,5 Auburn,4 Kansas,11 Ohio St.,3 Houston,7 Wofford,2 Kentucky,1 Duke,4 Va. Tech,6 Maryland,7 Louisville,1 Gonzaga,4 Florida State,6 Buffalo,2 Michigan,1 Virginia,4 Kansas St.,3 Purdue,2 Tennessee,1 UNC,4 Kansas,3 Houston,2 Kentucky,1 Duke,7 Louisville,1 Gonzaga,2 Michigan,4 Kansas St.,3 Purdue,1 UNC,2 Kentucky,1 Duke,2 Michigan,4 Kansas St.,1 UNC,1 Duke,1 UNC,1 UNC
The Furst,1 Duke,9 UCF,5 Miss State,4 Va. Tech,11 BELM/TEMP,14 Yale,10 Minnesota,2 Michigan State,1 Gonzaga,8 Syracuse,12 Murray State,4 Florida State,6 Buffalo,3 Texas Tech,7 Nevada,2 Michigan,1 Virginia,8 Ole Miss,12 Oregon,4 Kansas St.,6 Villanova,3 Purdue,7 Cincinnati,2 Tennessee,1 UNC,9 Washington,5 Auburn,4 Kansas,6 Iowa St.,3 Houston,7 Wofford,2 Kentucky,1 Duke,4 Va. Tech,11 BELM/TEMP,2 Michigan State,1 Gonzaga,4 Florida State,3 Texas Tech,7 Nevada,8 Ole Miss,12 Oregon,6 Villanova,2 Tennessee,1 UNC,5 Auburn,3 Houston,7 Wofford,1 Duke,2 Michigan State,1 Gonzaga,3 Texas Tech,8 Ole Miss,2 Tennessee,1 UNC,3 Houston,1 Duke,1 Gonzaga,2 Tennessee,1 UNC,1 Gonzaga,2 Tennessee,1 Gonzaga
Jeff Miller,1 Duke,9 UCF,5 Miss State,4 Va. Tech,11 BELM/TEMP,3 LSU,7 Louisville,2 Michigan State,1 Gonzaga,8 Syracuse,12 Murray State,4 Florida State,6 Buffalo,3 Texas Tech,10 Florida,2 Michigan,1 Virginia,9 Oklahoma,12 Oregon,4 Kansas St.,6 Villanova,3 Purdue,7 Cincinnati,2 Tennessee,1 UNC,8 Utah State,12 N. Mex St.,4 Kansas,6 Iowa St.,3 Houston,7 Wofford,2 Kentucky,1 Duke,5 Miss State,3 LSU,2 Michigan State,1 Gonzaga,4 Florida State,3 Texas Tech,2 Michigan,1 Virginia,4 Kansas St.,6 Villanova,2 Tennessee,1 UNC,12 N. Mex St.,6 Iowa St.,2 Kentucky,1 Duke,2 Michigan State,1 Gonzaga,2 Michigan,1 Virginia,6 Villanova,1 UNC,2 Kentucky,2 Michigan State,1 Gonzaga,1 Virginia,1 UNC,1 Gonzaga,1 Virginia,1 Virginia
javiiiiii,1 Duke,9 UCF,12 Liberty,4 Va. Tech,11 BELM/TEMP,3 LSU,7 Louisville,2 Michigan State,1 Gonzaga,8 Syracuse,12 Murray State,4 Florida State,6 Buffalo,3 Texas Tech,7 Nevada,2 Michigan,1 Virginia,9 Oklahoma,5 Wisconsin,13 UC Irvine,6 Villanova,3 Purdue,7 Cincinnati,2 Tennessee,1 UNC,8 Utah State,5 Auburn,4 Kansas,6 Iowa St.,3 Houston,10 Seton Hall,2 Kentucky,1 Duke,4 Va. Tech,3 LSU,2 Michigan State,1 Gonzaga,4 Florida State,6 Buffalo,2 Michigan,1 Virginia,5 Wisconsin,6 Villanova,2 Tennessee,1 UNC,5 Auburn,3 Houston,10 Seton Hall,1 Duke,3 LSU,4 Florida State,2 Michigan,1 Virginia,6 Villanova,1 UNC,10 Seton Hall,1 Duke,4 Florida State,1 Virginia,1 UNC,1 Duke,1 UNC,1 Duke
BMahoney,1 Duke,8 VCU,5 Miss State,13 Saint Louis,6 Maryland,3 LSU,7 Louisville,2 Michigan State,1 Gonzaga,8 Syracuse,5 Marquette,4 Florida State,6 Buffalo,3 Texas Tech,7 Nevada,2 Michigan,1 Virginia,9 Oklahoma,12 Oregon,4 Kansas St.,6 Villanova,3 Purdue,7 Cincinnati,2 Tennessee,1 UNC,8 Utah State,5 Auburn,4 Kansas,6 Iowa St.,3 Houston,10 Seton Hall,2 Kentucky,1 Duke,5 Miss State,3 LSU,7 Louisville,8 Syracuse,4 Florida State,3 Texas Tech,2 Michigan,1 Virginia,4 Kansas St.,6 Villanova,2 Tennessee,1 UNC,5 Auburn,3 Houston,2 Kentucky,1 Duke,3 LSU,8 Syracuse,3 Texas Tech,1 Virginia,6 Villanova,1 UNC,2 Kentucky,1 Duke,3 Texas Tech,6 Villanova,1 UNC,1 Duke,1 UNC,1 Duke
DLee's Bracket,1 Duke,8 VCU,5 Miss State,4 Va. Tech,11 BELM/TEMP,3 LSU,7 Louisville,2 Michigan State,1 Gonzaga,8 Syracuse,12 Murray State,4 Florida State,6 Buffalo,3 Texas Tech,7 Nevada,2 Michigan,1 Virginia,8 Ole Miss,5 Wisconsin,4 Kansas St.,6 Villanova,3 Purdue,7 Cincinnati,2 Tennessee,1 UNC,8 Utah State,5 Auburn,4 Kansas,6 Iowa St.,3 Houston,7 Wofford,2 Kentucky,1 Duke,4 Va. Tech,3 LSU,2 Michigan State,1 Gonzaga,12 Murray State,3 Texas Tech,2 Michigan,1 Virginia,4 Kansas St.,6 Villanova,2 Tennessee,1 UNC,4 Kansas,3 Houston,2 Kentucky,1 Duke,2 Michigan State,1 Gonzaga,2 Michigan,1 Virginia,2 Tennessee,1 UNC,3 Houston,1 Duke,1 Gonzaga,1 Virginia,1 UNC,1 Duke,1 UNC,1 Duke
Feirman 3,1 Duke,9 UCF,5 Miss State,4 Va. Tech,11 BELM/TEMP,14 Yale,7 Louisville,2 Michigan State,1 Gonzaga,8 Syracuse,5 Marquette,4 Florida State,6 Buffalo,3 Texas Tech,10 Florida,2 Michigan,1 Virginia,9 Oklahoma,12 Oregon,13 UC Irvine,11 St. Mary's,3 Purdue,7 Cincinnati,2 Tennessee,1 UNC,8 Utah State,5 Auburn,4 Kansas,6 Iowa St.,3 Houston,7 Wofford,2 Kentucky,1 Duke,5 Miss State,11 BELM/TEMP,2 Michigan State,8 Syracuse,5 Marquette,6 Buffalo,2 Michigan,1 Virginia,12 Oregon,11 St. Mary's,7 Cincinnati,1 UNC,4 Kansas,3 Houston,2 Kentucky,1 Duke,2 Michigan State,8 Syracuse,2 Michigan,1 Virginia,7 Cincinnati,1 UNC,3 Houston,2 Michigan State,2 Michigan,1 Virginia,1 UNC,2 Michigan,1 Virginia,1 Virginia
Boom Boom Room,1 Duke,8 VCU,5 Miss State,4 Va. Tech,6 Maryland,3 LSU,7 Louisville,2 Michigan State,1 Gonzaga,8 Syracuse,5 Marquette,4 Florida State,6 Buffalo,3 Texas Tech,7 Nevada,2 Michigan,1 Virginia,9 Oklahoma,12 Oregon,4 Kansas St.,11 St. Mary's,3 Purdue,7 Cincinnati,2 Tennessee,1 UNC,8 Utah State,5 Auburn,4 Kansas,11 Ohio St.,3 Houston,7 Wofford,2 Kentucky,1 Duke,4 Va. Tech,3 LSU,2 Michigan State,1 Gonzaga,5 Marquette,6 Buffalo,2 Michigan,1 Virginia,4 Kansas St.,3 Purdue,2 Tennessee,1 UNC,5 Auburn,3 Houston,2 Kentucky,1 Duke,3 LSU,5 Marquette,2 Michigan,1 Virginia,3 Purdue,1 UNC,2 Kentucky,1 Duke,2 Michigan,3 Purdue,2 Kentucky,1 Duke,2 Kentucky,1 Duke
Uzo's Winner,1 Duke,8 VCU,5 Miss State,4 Va. Tech,6 Maryland,14 Yale,7 Louisville,2 Michigan State,1 Gonzaga,9 Baylor,5 Marquette,4 Florida State,6 Buffalo,3 Texas Tech,10 Florida,2 Michigan,1 Virginia,9 Oklahoma,5 Wisconsin,4 Kansas St.,11 St. Mary's,3 Purdue,7 Cincinnati,2 Tennessee,1 UNC,8 Utah State,5 Auburn,4 Kansas,6 Iowa St.,3 Houston,10 Seton Hall,2 Kentucky,1 Duke,4 Va. Tech,6 Maryland,2 Michigan State,1 Gonzaga,4 Florida State,6 Buffalo,2 Michigan,1 Virginia,5 Wisconsin,3 Purdue,2 Tennessee,1 UNC,5 Auburn,6 Iowa St.,2 Kentucky,1 Duke,2 Michigan State,1 Gonzaga,2 Michigan,1 Virginia,2 Tennessee,1 UNC,2 Kentucky,1 Duke,1 Gonzaga,1 Virginia,1 UNC,1 Duke,1 Virginia,1 Virginia
Iron Lion Zion,1 Duke,8 VCU,12 Liberty,4 Va. Tech,6 Maryland,3 LSU,7 Louisville,2 Michigan State,1 Gonzaga,8 Syracuse,5 Marquette,13 Vermont,6 Buffalo,14 N. Kentucky,10 Florida,2 Michigan,1 Virginia,8 Ole Miss,12 Oregon,4 Kansas St.,6 Villanova,14 Old Dominion,10 Iowa,2 Tennessee,1 UNC,9 Washington,12 N. Mex St.,4 Kansas,6 Iowa St.,3 Houston,7 Wofford,2 Kentucky,1 Duke,4 Va. Tech,6 Maryland,7 Louisville,8 Syracuse,13 Vermont,14 N. Kentucky,2 Michigan,8 Ole Miss,4 Kansas St.,6 Villanova,2 Tennessee,1 UNC,12 N. Mex St.,6 Iowa St.,2 Kentucky,1 Duke,7 Louisville,8 Syracuse,2 Michigan,4 Kansas St.,6 Villanova,1 UNC,2 Kentucky,1 Duke,2 Michigan,6 Villanova,2 Kentucky,1 Duke,2 Kentucky,1 Duke
MASNYC,1 Duke,9 UCF,5 Miss State,4 Va. Tech,6 Maryland,3 LSU,7 Louisville,2 Michigan State,1 Gonzaga,8 Syracuse,5 Marquette,4 Florida State,6 Buffalo,3 Texas Tech,7 Nevada,2 Michigan,1 Virginia,8 Ole Miss,12 Oregon,13 UC Irvine,11 St. Mary's,3 Purdue,10 Iowa,2 Tennessee,1 UNC,9 Washington,5 Auburn,4 Kansas,6 Iowa St.,3 Houston,7 Wofford,2 Kentucky,1 Duke,4 Va. Tech,3 LSU,7 Louisville,1 Gonzaga,4 Florida State,3 Texas Tech,7 Nevada,1 Virginia,12 Oregon,3 Purdue,2 Tennessee,1 UNC,5 Auburn,6 Iowa St.,2 Kentucky,1 Duke,7 Louisville,1 Gonzaga,3 Texas Tech,1 Virginia,2 Tennessee,1 UNC,2 Kentucky,1 Duke,1 Gonzaga,2 Tennessee,1 UNC,1 Duke,1 UNC,1 Duke
The Devil Wears Nada,1 Duke,9 UCF,5 Miss State,4 Va. Tech,6 Maryland,14 Yale,10 Minnesota,2 Michigan State,1 Gonzaga,8 Syracuse,12 Murray State,4 Florida State,6 Buffalo,3 Texas Tech,10 Florida,2 Michigan,1 Virginia,9 Oklahoma,5 Wisconsin,13 UC Irvine,6 Villanova,3 Purdue,10 Iowa,2 Tennessee,1 UNC,9 Washington,5 Auburn,4 Kansas,6 Iowa St.,3 Houston,10 Seton Hall,2 Kentucky,1 Duke,5 Miss State,14 Yale,2 Michigan State,1 Gonzaga,4 Florida State,3 Texas Tech,2 Michigan,1 Virginia,5 Wisconsin,6 Villanova,2 Tennessee,9 Washington,5 Auburn,6 Iowa St.,2 Kentucky,1 Duke,2 Michigan State,4 Florida State,2 Michigan,5 Wisconsin,6 Villanova,5 Auburn,6 Iowa St.,1 Duke,4 Florida State,6 Villanova,5 Auburn,1 Duke,6 Villanova,6 Villanova
HailTheBison,1 Duke,8 VCU,5 Miss State,13 Saint Louis,6 Maryland,3 LSU,10 Minnesota,2 Michigan State,1 Gonzaga,8 Syracuse,5 Marquette,4 Florida State,11 AZST/St John,3 Texas Tech,10 Florida,2 Michigan,1 Virginia,8 Ole Miss,5 Wisconsin,4 Kansas St.,6 Villanova,3 Purdue,10 Iowa,2 Tennessee,1 UNC,9 Washington,5 Auburn,4 Kansas,6 Iowa St.,3 Houston,7 Wofford,2 Kentucky,1 Duke,5 Miss State,3 LSU,2 Michigan State,1 Gonzaga,5 Marquette,3 Texas Tech,2 Michigan,1 Virginia,5 Wisconsin,3 Purdue,10 Iowa,1 UNC,4 Kansas,6 Iowa St.,2 Kentucky,1 Duke,2 Michigan State,5 Marquette,2 Michigan,5 Wisconsin,3 Purdue,1 UNC,2 Kentucky,2 Michigan State,2 Michigan,5 Wisconsin,1 UNC,2 Michigan State,1 UNC,1 UNC
Corner Pocket,1 Duke,9 UCF,5 Miss State,4 Va. Tech,6 Maryland,3 LSU,7 Louisville,2 Michigan State,1 Gonzaga,8 Syracuse,5 Marquette,4 Florida State,6 Buffalo,3 Texas Tech,10 Florida,2 Michigan,1 Virginia,9 Oklahoma,5 Wisconsin,4 Kansas St.,6 Villanova,3 Purdue,7 Cincinnati,2 Tennessee,1 UNC,8 Utah State,5 Auburn,4 Kansas,6 Iowa St.,3 Houston,7 Wofford,2 Kentucky,1 Duke,4 Va. Tech,3 LSU,2 Michigan State,1 Gonzaga,4 Florida State,3 Texas Tech,2 Michigan,1 Virginia,4 Kansas St.,6 Villanova,2 Tennessee,1 UNC,4 Kansas,3 Houston,2 Kentucky,1 Duke,2 Michigan State,1 Gonzaga,2 Michigan,1 Virginia,2 Tennessee,1 UNC,2 Kentucky,1 Duke,1 Gonzaga,2 Tennessee,1 UNC,1 Duke,1 UNC,1 Duke
BigJohn,1 Duke,9 UCF,5 Miss State,4 Va. Tech,6 Maryland,3 LSU,7 Louisville,2 Michigan State,1 Gonzaga,8 Syracuse,12 Murray State,4 Florida State,6 Buffalo,3 Texas Tech,10 Florida,2 Michigan,1 Virginia,8 Ole Miss,12 Oregon,4 Kansas St.,6 Villanova,3 Purdue,7 Cincinnati,2 Tennessee,1 UNC,9 Washington,5 Auburn,4 Kansas,6 Iowa St.,3 Houston,7 Wofford,2 Kentucky,1 Duke,4 Va. Tech,3 LSU,2 Michigan State,1 Gonzaga,4 Florida State,6 Buffalo,2 Michigan,1 Virginia,12 Oregon,3 Purdue,7 Cincinnati,1 UNC,5 Auburn,3 Houston,2 Kentucky,1 Duke,2 Michigan State,1 Gonzaga,2 Michigan,1 Virginia,3 Purdue,5 Auburn,2 Kentucky,1 Duke,1 Gonzaga,1 Virginia,2 Kentucky,1 Gonzaga,2 Kentucky,1 Gonzaga
Corndog,1 Duke,9 UCF,5 Miss State,4 Va. Tech,11 BELM/TEMP,14 Yale,10 Minnesota,2 Michigan State,1 Gonzaga,8 Syracuse,12 Murray State,4 Florida State,6 Buffalo,3 Texas Tech,10 Florida,2 Michigan,1 Virginia,9 Oklahoma,12 Oregon,4 Kansas St.,6 Villanova,3 Purdue,7 Cincinnati,2 Tennessee,1 UNC,9 Washington,5 Auburn,4 Kansas,11 Ohio St.,3 Houston,7 Wofford,2 Kentucky,1 Duke,4 Va. Tech,11 BELM/TEMP,2 Michigan State,1 Gonzaga,4 Florida State,3 Texas Tech,10 Florida,1 Virginia,12 Oregon,6 Villanova,2 Tennessee,1 UNC,4 Kansas,3 Houston,2 Kentucky,1 Duke,2 Michigan State,1 Gonzaga,3 Texas Tech,1 Virginia,6 Villanova,1 UNC,2 Kentucky,1 Duke,1 Gonzaga,1 Virginia,1 UNC,1 Duke,1 Virginia,1 Duke
THE CUSE IS LOOSE,1 Duke,9 UCF,12 Liberty,4 Va. Tech,11 BELM/TEMP,3 LSU,7 Louisville,2 Michigan State,1 Gonzaga,8 Syracuse,12 Murray State,4 Florida State,6 Buffalo,3 Texas Tech,10 Florida,2 Michigan,1 Virginia,9 Oklahoma,5 Wisconsin,4 Kansas St.,6 Villanova,3 Purdue,7 Cincinnati,2 Tennessee,1 UNC,9 Washington,5 Auburn,4 Kansas,11 Ohio St.,3 Houston,10 Seton Hall,2 Kentucky,1 Duke,12 Liberty,11 BELM/TEMP,2 Michigan State,1 Gonzaga,4 Florida State,6 Buffalo,2 Michigan,1 Virginia,4 Kansas St.,6 Villanova,2 Tennessee,1 UNC,4 Kansas,3 Houston,2 Kentucky,1 Duke,2 Michigan State,4 Florida State,2 Michigan,4 Kansas St.,6 Villanova,1 UNC,3 Houston,1 Duke,4 Florida State,4 Kansas St.,3 Houston,1 Duke,3 Houston,1 Duke
George Barton,1 Duke,9 UCF,12 Liberty,4 Va. Tech,11 BELM/TEMP,3 LSU,10 Minnesota,2 Michigan State,1 Gonzaga,8 Syracuse,12 Murray State,4 Florida State,6 Buffalo,3 Texas Tech,7 Nevada,2 Michigan,1 Virginia,8 Ole Miss,5 Wisconsin,4 Kansas St.,6 Villanova,3 Purdue,7 Cincinnati,2 Tennessee,1 UNC,8 Utah State,12 N. Mex St.,4 Kansas,6 Iowa St.,3 Houston,7 Wofford,2 Kentucky,1 Duke,4 Va. Tech,3 LSU,2 Michigan State,1 Gonzaga,4 Florida State,3 Texas Tech,2 Michigan,1 Virginia,4 Kansas St.,6 Villanova,2 Tennessee,1 UNC,4 Kansas,3 Houston,2 Kentucky,1 Duke,2 Michigan State,1 Gonzaga,2 Michigan,1 Virginia,6 Villanova,1 UNC,2 Kentucky,1 Duke,1 Gonzaga,1 Virginia,2 Kentucky,1 Duke,2 Kentucky,1 Duke
Nova 2 of 3,1 Duke,9 UCF,5 Miss State,4 Va. Tech,6 Maryland,14 Yale,7 Louisville,2 Michigan State,1 Gonzaga,8 Syracuse,12 Murray State,4 Florida State,6 Buffalo,3 Texas Tech,10 Florida,2 Michigan,1 Virginia,9 Oklahoma,12 Oregon,4 Kansas St.,6 Villanova,3 Purdue,7 Cincinnati,2 Tennessee,1 UNC,8 Utah State,5 Auburn,4 Kansas,6 Iowa St.,3 Houston,10 Seton Hall,2 Kentucky,1 Duke,4 Va. Tech,6 Maryland,2 Michigan State,1 Gonzaga,4 Florida State,3 Texas Tech,2 Michigan,1 Virginia,4 Kansas St.,6 Villanova,2 Tennessee,1 UNC,5 Auburn,6 Iowa St.,2 Kentucky,1 Duke,2 Michigan State,1 Gonzaga,2 Michigan,1 Virginia,2 Tennessee,1 UNC,2 Kentucky,1 Duke,1 Gonzaga,2 Tennessee,1 UNC,1 Duke,1 UNC,1 Duke
TheStable,1 Duke,9 UCF,5 Miss State,4 Va. Tech,6 Maryland,14 Yale,7 Louisville,2 Michigan State,1 Gonzaga,8 Syracuse,12 Murray State,4 Florida State,11 AZST/St John,3 Texas Tech,10 Florida,2 Michigan,1 Virginia,8 Ole Miss,12 Oregon,13 UC Irvine,6 Villanova,14 Old Dominion,7 Cincinnati,2 Tennessee,1 UNC,8 Utah State,12 N. Mex St.,4 Kansas,11 Ohio St.,3 Houston,7 Wofford,2 Kentucky,1 Duke,4 Va. Tech,6 Maryland,2 Michigan State,1 Gonzaga,4 Florida State,3 Texas Tech,2 Michigan,1 Virginia,12 Oregon,6 Villanova,2 Tennessee,1 UNC,4 Kansas,11 Ohio St.,2 Kentucky,4 Va. Tech,6 Maryland,1 Gonzaga,2 Michigan,1 Virginia,2 Tennessee,4 Kansas,2 Kentucky,4 Va. Tech,1 Gonzaga,2 Tennessee,2 Kentucky,1 Gonzaga,2 Kentucky,2 Kentucky
Abrams,1 Duke,9 UCF,12 Liberty,4 Va. Tech,11 BELM/TEMP,3 LSU,10 Minnesota,2 Michigan State,1 Gonzaga,9 Baylor,12 Murray State,4 Florida State,6 Buffalo,3 Texas Tech,7 Nevada,2 Michigan,1 Virginia,9 Oklahoma,5 Wisconsin,13 UC Irvine,6 Villanova,3 Purdue,10 Iowa,2 Tennessee,1 UNC,9 Washington,12 N. Mex St.,4 Kansas,6 Iowa St.,3 Houston,7 Wofford,2 Kentucky,1 Duke,4 Va. Tech,11 BELM/TEMP,2 Michigan State,1 Gonzaga,12 Murray State,6 Buffalo,2 Michigan,1 Virginia,5 Wisconsin,6 Villanova,2 Tennessee,1 UNC,12 N. Mex St.,3 Houston,2 Kentucky,1 Duke,2 Michigan State,1 Gonzaga,2 Michigan,1 Virginia,2 Tennessee,1 UNC,3 Houston,1 Duke,2 Michigan,1 Virginia,1 UNC,2 Michigan,1 UNC,2 Michigan
cuttin' down the nets,1 Duke,8 VCU,5 Miss State,4 Va. Tech,11 BELM/TEMP,14 Yale,10 Minnesota,2 Michigan State,1 Gonzaga,9 Baylor,12 Murray State,4 Florida State,6 Buffalo,3 Texas Tech,10 Florida,2 Michigan,1 Virginia,9 Oklahoma,12 Oregon,4 Kansas St.,11 St. Mary's,3 Purdue,10 Iowa,2 Tennessee,1 UNC,9 Washington,5 Auburn,4 Kansas,11 Ohio St.,3 Houston,7 Wofford,2 Kentucky,1 Duke,4 Va. Tech,14 Yale,2 Michigan State,1 Gonzaga,12 Murray State,3 Texas Tech,2 Michigan,1 Virginia,12 Oregon,3 Purdue,2 Tennessee,1 UNC,5 Auburn,3 Houston,2 Kentucky,1 Duke,2 Michigan State,1 Gonzaga,2 Michigan,1 Virginia,3 Purdue,1 UNC,2 Kentucky,2 Michigan State,2 Michigan,3 Purdue,1 UNC,2 Michigan State,1 UNC,1 UNC
DSW Sneaker Blowout,1 Duke,9 UCF,12 Liberty,4 Va. Tech,6 Maryland,3 LSU,7 Louisville,2 Michigan State,1 Gonzaga,8 Syracuse,12 Murray State,4 Florida State,11 AZST/St John,3 Texas Tech,10 Florida,2 Michigan,1 Virginia,9 Oklahoma,12 Oregon,13 UC Irvine,6 Villanova,3 Purdue,7 Cincinnati,2 Tennessee,1 UNC,8 Utah State,5 Auburn,4 Kansas,6 Iowa St.,3 Houston,10 Seton Hall,2 Kentucky,1 Duke,4 Va. Tech,3 LSU,7 Louisville,8 Syracuse,4 Florida State,3 Texas Tech,2 Michigan,1 Virginia,12 Oregon,3 Purdue,2 Tennessee,1 UNC,5 Auburn,3 Houston,2 Kentucky,1 Duke,3 LSU,4 Florida State,2 Michigan,1 Virginia,2 Tennessee,1 UNC,3 Houston,3 LSU,2 Michigan,2 Tennessee,1 UNC,2 Michigan,1 UNC,1 UNC
Your Hero,1 Duke,9 UCF,5 Miss State,4 Va. Tech,11 BELM/TEMP,3 LSU,7 Louisville,2 Michigan State,1 Gonzaga,9 Baylor,5 Marquette,13 Vermont,11 AZST/St John,3 Texas Tech,7 Nevada,2 Michigan,1 Virginia,8 Ole Miss,5 Wisconsin,13 UC Irvine,6 Villanova,14 Old Dominion,10 Iowa,2 Tennessee,1 UNC,9 Washington,5 Auburn,13 Northeastern,6 Iowa St.,3 Houston,7 Wofford,2 Kentucky,1 Duke,5 Miss State,3 LSU,2 Michigan State,1 Gonzaga,13 Vermont,3 Texas Tech,2 Michigan,1 Virginia,13 UC Irvine,6 Villanova,2 Tennessee,1 UNC,5 Auburn,3 Houston,7 Wofford,1 Duke,2 Michigan State,1 Gonzaga,3 Texas Tech,1 Virginia,6 Villanova,5 Auburn,7 Wofford,1 Duke,3 Texas Tech,6 Villanova,5 Auburn,1 Duke,6 Villanova,1 Duke
Where is my money,1 Duke,8 VCU,5 Miss State,4 Va. Tech,11 BELM/TEMP,3 LSU,10 Minnesota,2 Michigan State,1 Gonzaga,8 Syracuse,5 Marquette,4 Florida State,6 Buffalo,3 Texas Tech,7 Nevada,2 Michigan,1 Virginia,9 Oklahoma,5 Wisconsin,13 UC Irvine,6 Villanova,14 Old Dominion,10 Iowa,2 Tennessee,1 UNC,8 Utah State,5 Auburn,4 Kansas,6 Iowa St.,14 Georgia St.,10 Seton Hall,2 Kentucky,1 Duke,4 Va. Tech,11 BELM/TEMP,2 Michigan State,1 Gonzaga,5 Marquette,3 Texas Tech,2 Michigan,1 Virginia,5 Wisconsin,6 Villanova,2 Tennessee,1 UNC,5 Auburn,6 Iowa St.,2 Kentucky,1 Duke,2 Michigan State,1 Gonzaga,2 Michigan,1 Virginia,2 Tennessee,1 UNC,2 Kentucky,1 Duke,1 Gonzaga,2 Tennessee,2 Kentucky,1 Duke,2 Tennessee,1 Duke
Holden It Down.,1 Duke,9 UCF,5 Miss State,4 Va. Tech,6 Maryland,3 LSU,7 Louisville,2 Michigan State,1 Gonzaga,8 Syracuse,5 Marquette,4 Florida State,6 Buffalo,3 Texas Tech,10 Florida,2 Michigan,1 Virginia,9 Oklahoma,5 Wisconsin,4 Kansas St.,6 Villanova,3 Purdue,7 Cincinnati,2 Tennessee,1 UNC,8 Utah State,5 Auburn,4 Kansas,6 Iowa St.,3 Houston,7 Wofford,2 Kentucky,1 Duke,5 Miss State,3 LSU,2 Michigan State,1 Gonzaga,4 Florida State,3 Texas Tech,2 Michigan,1 Virginia,5 Wisconsin,6 Villanova,2 Tennessee,1 UNC,5 Auburn,3 Houston,2 Kentucky,1 Duke,2 Michigan State,1 Gonzaga,2 Michigan,1 Virginia,2 Tennessee,1 UNC,2 Kentucky,1 Duke,1 Gonzaga,2 Tennessee,1 UNC,1 Gonzaga,1 UNC,1 Gonzaga
Feirman 1,1 Duke,8 VCU,5 Miss State,4 Va. Tech,6 Maryland,3 LSU,7 Louisville,2 Michigan State,1 Gonzaga,8 Syracuse,12 Murray State,4 Florida State,6 Buffalo,3 Texas Tech,10 Florida,2 Michigan,1 Virginia,9 Oklahoma,12 Oregon,13 UC Irvine,11 St. Mary's,3 Purdue,7 Cincinnati,2 Tennessee,1 UNC,9 Washington,5 Auburn,4 Kansas,6 Iowa St.,3 Houston,7 Wofford,2 Kentucky,1 Duke,4 Va. Tech,6 Maryland,2 Michigan State,1 Gonzaga,12 Murray State,3 Texas Tech,2 Michigan,1 Virginia,12 Oregon,3 Purdue,7 Cincinnati,1 UNC,5 Auburn,6 Iowa St.,2 Kentucky,1 Duke,2 Michigan State,1 Gonzaga,3 Texas Tech,1 Virginia,7 Cincinnati,5 Auburn,2 Kentucky,1 Duke,3 Texas Tech,1 Virginia,2 Kentucky,1 Duke,2 Kentucky,1 Duke
Rui Gooey,1 Duke,9 UCF,12 Liberty,4 Va. Tech,6 Maryland,14 Yale,7 Louisville,2 Michigan State,1 Gonzaga,9 Baylor,12 Murray State,4 Florida State,6 Buffalo,3 Texas Tech,10 Florida,2 Michigan,1 Virginia,9 Oklahoma,12 Oregon,4 Kansas St.,6 Villanova,3 Purdue,7 Cincinnati,2 Tennessee,1 UNC,8 Utah State,5 Auburn,13 Northeastern,6 Iowa St.,3 Houston,7 Wofford,2 Kentucky,1 Duke,4 Va. Tech,6 Maryland,2 Michigan State,1 Gonzaga,4 Florida State,3 Texas Tech,2 Michigan,1 Virginia,4 Kansas St.,3 Purdue,2 Tennessee,1 UNC,5 Auburn,3 Houston,2 Kentucky,1 Duke,2 Michigan State,1 Gonzaga,3 Texas Tech,1 Virginia,2 Tennessee,1 UNC,3 Houston,2 Michigan State,1 Gonzaga,1 Virginia,1 UNC,1 Gonzaga,1 UNC,1 Gonzaga
riz1,1 Duke,8 VCU,5 Miss State,4 Va. Tech,6 Maryland,3 LSU,10 Minnesota,2 Michigan State,1 Gonzaga,8 Syracuse,5 Marquette,4 Florida State,6 Buffalo,3 Texas Tech,7 Nevada,2 Michigan,1 Virginia,9 Oklahoma,5 Wisconsin,4 Kansas St.,6 Villanova,3 Purdue,7 Cincinnati,2 Tennessee,1 UNC,8 Utah State,5 Auburn,4 Kansas,11 Ohio St.,3 Houston,10 Seton Hall,2 Kentucky,1 Duke,5 Miss State,6 Maryland,2 Michigan State,1 Gonzaga,4 Florida State,3 Texas Tech,2 Michigan,1 Virginia,4 Kansas St.,3 Purdue,2 Tennessee,1 UNC,5 Auburn,3 Houston,2 Kentucky,1 Duke,2 Michigan State,1 Gonzaga,2 Michigan,1 Virginia,3 Purdue,1 UNC,3 Houston,1 Duke,1 Gonzaga,1 Virginia,1 UNC,1 Duke,1 UNC,1 UNC
Road to Zion,1 Duke,9 UCF,5 Miss State,4 Va. Tech,11 BELM/TEMP,3 LSU,7 Louisville,2 Michigan State,1 Gonzaga,9 Baylor,12 Murray State,4 Florida State,11 AZST/St John,3 Texas Tech,10 Florida,2 Michigan,1 Virginia,9 Oklahoma,12 Oregon,13 UC Irvine,11 St. Mary's,3 Purdue,7 Cincinnati,2 Tennessee,1 UNC,8 Utah State,5 Auburn,4 Kansas,6 Iowa St.,3 Houston,10 Seton Hall,2 Kentucky,1 Duke,4 Va. Tech,3 LSU,2 Michigan State,1 Gonzaga,4 Florida State,3 Texas Tech,2 Michigan,1 Virginia,12 Oregon,3 Purdue,7 Cincinnati,1 UNC,5 Auburn,3 Houston,2 Kentucky,1 Duke,2 Michigan State,4 Florida State,3 Texas Tech,1 Virginia,7 Cincinnati,1 UNC,2 Kentucky,1 Duke,3 Texas Tech,1 Virginia,1 UNC,1 Duke,1 Virginia,1 Duke
Self Defecating,1 Duke,9 UCF,5 Miss State,4 Va. Tech,6 Maryland,3 LSU,7 Louisville,2 Michigan State,1 Gonzaga,8 Syracuse,12 Murray State,4 Florida State,6 Buffalo,14 N. Kentucky,7 Nevada,2 Michigan,1 Virginia,8 Ole Miss,12 Oregon,13 UC Irvine,6 Villanova,3 Purdue,7 Cincinnati,2 Tennessee,1 UNC,9 Washington,5 Auburn,13 Northeastern,6 Iowa St.,3 Houston,7 Wofford,2 Kentucky,1 Duke,5 Miss State,6 Maryland,7 Louisville,1 Gonzaga,12 Murray State,6 Buffalo,2 Michigan,1 Virginia,12 Oregon,6 Villanova,2 Tennessee,1 UNC,5 Auburn,3 Houston,2 Kentucky,1 Duke,7 Louisville,1 Gonzaga,2 Michigan,1 Virginia,2 Tennessee,5 Auburn,3 Houston,7 Louisville,1 Gonzaga,2 Tennessee,5 Auburn,1 Gonzaga,2 Tennessee,2 Tennessee
Random morgy,1 Duke,8 VCU,5 Miss State,4 Va. Tech,11 BELM/TEMP,3 LSU,10 Minnesota,2 Michigan State,1 Gonzaga,9 Baylor,12 Murray State,13 Vermont,11 AZST/St John,3 Texas Tech,7 Nevada,2 Michigan,1 Virginia,9 Oklahoma,5 Wisconsin,4 Kansas St.,11 St. Mary's,3 Purdue,7 Cincinnati,2 Tennessee,1 UNC,9 Washington,12 N. Mex St.,13 Northeastern,11 Ohio St.,3 Houston,10 Seton Hall,2 Kentucky,1 Duke,4 Va. Tech,3 LSU,10 Minnesota,1 Gonzaga,12 Murray State,3 Texas Tech,2 Michigan,1 Virginia,4 Kansas St.,3 Purdue,7 Cincinnati,1 UNC,13 Northeastern,11 Ohio St.,2 Kentucky,1 Duke,3 LSU,1 Gonzaga,2 Michigan,1 Virginia,7 Cincinnati,1 UNC,2 Kentucky,1 Duke,2 Michigan,7 Cincinnati,1 UNC,1 Duke,1 UNC,1 Duke
TiGo,1 Duke,8 VCU,5 Miss State,4 Va. Tech,6 Maryland,3 LSU,10 Minnesota,2 Michigan State,1 Gonzaga,9 Baylor,5 Marquette,4 Florida State,11 AZST/St John,3 Texas Tech,10 Florida,2 Michigan,1 Virginia,9 Oklahoma,5 Wisconsin,4 Kansas St.,6 Villanova,3 Purdue,10 Iowa,2 Tennessee,1 UNC,9 Washington,5 Auburn,4 Kansas,6 Iowa St.,3 Houston,7 Wofford,2 Kentucky,1 Duke,4 Va. Tech,3 LSU,2 Michigan State,1 Gonzaga,5 Marquette,3 Texas Tech,2 Michigan,1 Virginia,5 Wisconsin,6 Villanova,2 Tennessee,1 UNC,5 Auburn,3 Houston,2 Kentucky,1 Duke,2 Michigan State,1 Gonzaga,2 Michigan,1 Virginia,2 Tennessee,1 UNC,3 Houston,1 Duke,2 Michigan,2 Tennessee,1 UNC,2 Michigan,1 UNC,2 Michigan